{"ABAP":785855,"ASP":4850465,"ASP.NET":36671858,"ATS":3121711,"AWK":6168666,"ActionScript":293670845,"Ada":167279588,"Agda":471763,"Alchemist":93,"Alex":0,"Alloy":70834,"Android Interface Definition Language":40015324,"Arvo":0,"AsciiDoc":0,"Assembly":180234111,"AutoHotKey":2137605,"Autoconf":183164893,"BASH":5603174,"Basic":2105732,"Batch":8207962,"Bazel":9232375,"Bitbake":1947730,"Bitbucket Pipeline":1559,"Boo":1745471,"Bosque":9,"Brainfuck":0,"BuildStream":325664,"C":52616711782,"C Header":26484719022,"C Shell":1969885,"C#":2224064330,"C++":6036629049,"C++ Header":1283293182,"CMake":66799989,"COBOL":335829,"CSS":1030757409,"CSV":0,"Cabal":208364,"Cargo Lock":314,"Cassius":262,"Ceylon":519326,"Clojure":7868352,"ClojureScript":491562,"Closure Template":469084,"CoffeeScript":57152022,"ColdFusion":6735656,"ColdFusion CFScript":4017574,"Coq":4184127,"Creole":0,"Crystal":165687,"Cython":7712545,"D":62644912,"Dart":35980865,"Device Tree":188106265,"Dhall":212,"Docker ignore":5695,"Dockerfile":678345,"Document Type Definition":0,"Elixir":1068983,"Elm":334366,"Emacs Dev Env":30078,"Emacs Lisp":173713259,"Erlang":284386994,"Expect":24266278,"Extensible Stylesheet Language Transformations":0,"F#":10921411,"F*":45249,"FIDL":3219,"FORTRAN Legacy":282648307,"FORTRAN Modern":55283751,"Fish":834662,"Flow9":254384,"Forth":80411,"Fragment Shader File":768343,"Freemarker Template":4531251,"Futhark":8774,"GDScript":535911,"GLSL":28093867,"GN":474203,"Game Maker Language":359049,"Game Maker Project":0,"Gherkin Specification":2846590,"Go":111055834,"Go Template":31592,"Gradle":1798056,"Groovy":66360042,"HEX":0,"HTML":1711616258,"Hamlet":4400,"Handlebars":969636,"Happy":0,"Haskell":32331808,"Haxe":17155581,"IDL":125433139,"Idris":172459,"Intel HEX":0,"Isabelle":269508,"JAI":1,"JSON":0,"JSONL":0,"JSX":1106325,"Jade":254772,"Janet":511,"Java":12129838793,"JavaScript":19747614440,"JavaServer Pages":30259291,"Jenkins Buildfile":0,"Jinja":150625,"Julia":4512655,"Julius":7295,"Jupyter":0,"Just":70,"Korn Shell":9978450,"Kotlin":4674355,"LD Script":10572770,"LESS":159261368,"LEX":16606964,"LOLCODE":8712,"LaTeX":23098801,"Lean":65507,"License":0,"Lisp":17696658,"Lua":113014588,"Lucius":46305,"Luna":4282,"MQL Header":319260,"MQL4":149936,"MQL5":50352,"MSBuild":24715591,"MUMPS":133,"Macromedia eXtensible Markup Language":0,"Madlang":2048,"Makefile":466486291,"Mako":685169,"Markdown":0,"Meson":51529,"Modula3":1727460,"Module-Definition":4906038,"Monkey C":46760,"Mustache":2694573,"Nim":1720681,"Nix":5767031,"OCaml":43104365,"Objective C":522060458,"Objective C++":100242623,"Opalang":3487844,"Org":890413,"Oz":844694,"PHP":10428330412,"PKGBUILD":0,"PSL Assertion":3293,"Pascal":491594337,"Patch":0,"Perl":313980525,"Plain Text":0,"Polly":0,"Pony":1636,"Powershell":23324065,"Processing":26207260,"Prolog":28996255,"Properties File":293380100,"Protocol Buffers":9173532,"Puppet":11799570,"PureScript":19140,"Python":1117668746,"Q#":491041,"QCL":2178,"QML":13653752,"R":34787375,"Rakefile":10210806,"Razor":1781350,"ReStructuredText":0,"Report Definition Language":519,"Robot Framework":0,"Ruby":1649351095,"Ruby HTML":388176,"Rust":81268724,"SAS":505247,"SKILL":313468,"SPDX":0,"SQL":173353259,"SRecode Template":334018,"SVG":41484090,"Sass":116578286,"Scala":215387434,"Scheme":13397609,"Scons":2865479,"Shell":286492180,"Smarty Template":30437103,"Softbridge Basic":149161,"Specman e":6124448,"Spice Netlist":17820,"Standard ML (SML)":3955423,"Stata":419933,"Stylus":3827047,"Swift":2647253,"Swig":15748178,"SystemVerilog":11216568,"Systemd":0,"TCL":37452501,"TOML":150730,"TaskPaper":0,"TeX":35662220,"Thrift":3790039,"Twig Template":0,"TypeScript":185008337,"TypeScript Typings":407668567,"Unreal Script":9716124,"Ur/Web":18729,"Ur/Web Project":72,"V":8830460,"VHDL":14595208,"Vala":1978087,"Varnish Configuration":787174,"Verilog":1239941,"Verilog Args File":0,"Vertex Shader File":379242,"Vim Script":0,"Visual Basic":19168628,"Visual Basic for Applications":1621979,"Vue":43519,"Wolfram":2218000,"Wren":142181,"XAML":24241749,"XCode Config":6041623,"XML":1438452004,"XML Schema":0,"Xtend":660306,"YAML":53718996,"Zig":58,"Zsh":9760031,"gitignore":30609203,"ignore":4155,"m4":304707481,"nuspec":151891,"sed":1256082}