{"ABAP":27076,"ASP":3184886,"ASP.NET":6624244,"ATS":248263,"AWK":0,"ActionScript":97263918,"Ada":23044395,"Agda":71541,"Alchemist":3389,"Alex":0,"Alloy":215749,"Android Interface Definition Language":5,"Arvo":0,"AsciiDoc":0,"Assembly":183642426,"AutoHotKey":656470,"Autoconf":173100452,"BASH":2962586,"Basic":216748,"Batch":21113702,"Bazel":1644730,"Bitbake":1234999,"Bitbucket Pipeline":0,"Boo":5616103,"Bosque":977,"Brainfuck":1335303,"BuildStream":0,"C":40774366625,"C Header":1665066673,"C Shell":1756881,"C#":863344371,"C++":5939551251,"C++ Header":356231542,"CMake":15992024,"COBOL":107607,"CSS":484223,"CSV":0,"Cabal":441160,"Cargo Lock":0,"Cassius":0,"Ceylon":189495,"Clojure":1455611,"ClojureScript":163693,"Closure Template":61898,"CoffeeScript":27335164,"ColdFusion":1279377,"ColdFusion CFScript":2888450,"Coq":2502598,"Creole":0,"Crystal":145599,"Cython":14284576,"D":21360945,"Dart":17425289,"Device Tree":1960,"Dhall":0,"Docker ignore":0,"Dockerfile":320949,"Document Type Definition":0,"Elixir":1601265,"Elm":57733,"Emacs Dev Env":4303,"Emacs Lisp":29261030,"Erlang":16866846,"Expect":11330882,"Extensible Stylesheet Language Transformations":0,"F#":4414794,"F*":119234,"FIDL":140,"FORTRAN Legacy":21579215,"FORTRAN Modern":13292820,"Fish":541266,"Flow9":58071,"Forth":647338,"Fragment Shader File":183774,"Freemarker Template":7249019,"Futhark":1274,"GDScript":102720,"GLSL":4678478,"GN":334500,"Game Maker Language":671345,"Game Maker Project":0,"Gherkin Specification":2603693,"Go":133121284,"Go Template":199469,"Gradle":0,"Groovy":24210144,"HEX":0,"HTML":0,"Hamlet":19678,"Handlebars":422474,"Happy":0,"Haskell":4592155,"Haxe":7186227,"IDL":677449,"Idris":102967,"Intel HEX":0,"Isabelle":38116,"JAI":1624,"JSON":0,"JSONL":0,"JSX":814250,"Jade":1293020,"Janet":0,"Java":3701280794,"JavaScript":11702616106,"JavaServer Pages":26272151,"Jenkins Buildfile":0,"Jinja":290830,"Julia":8470688,"Julius":13066,"Jupyter":0,"Just":127,"Korn Shell":1404505,"Kotlin":3446042,"LD Script":20535,"LESS":0,"LEX":0,"LOLCODE":5922,"LaTeX":0,"Lean":9461,"License":0,"Lisp":1947938,"Lua":72105036,"Lucius":0,"Luna":0,"MQL Header":127440,"MQL4":253225,"MQL5":35395,"MSBuild":546234,"MUMPS":15983,"Macromedia eXtensible Markup Language":0,"Madlang":1916,"Makefile":41990560,"Mako":586927,"Markdown":0,"Meson":23722,"Modula3":19328,"Module-Definition":6411009,"Monkey C":118241,"Mustache":4050245,"Nim":1358440,"Nix":3641418,"OCaml":9713435,"Objective C":416892290,"Objective C++":75830671,"Opalang":339143,"Org":4596655,"Oz":283922,"PHP":2377412727,"PKGBUILD":0,"PSL Assertion":3772,"Pascal":1675445,"Patch":0,"Perl":202928686,"Plain Text":0,"Polly":0,"Pony":2352,"Powershell":4731888,"Processing":16735026,"Prolog":2981189,"Properties File":0,"Protocol Buffers":322105,"Puppet":5522860,"PureScript":7575,"Python":1552412457,"Q#":463849,"QCL":1524,"QML":1928646,"R":16491483,"Rakefile":6292683,"Razor":2599735,"ReStructuredText":0,"Report Definition Language":0,"Robot Framework":0,"Ruby":549404287,"Ruby HTML":1436382,"Rust":21285026,"SAS":408848,"SKILL":141301,"SPDX":0,"SQL":14337572,"SRecode Template":1346330,"SVG":2907275,"Sass":7046920,"Scala":62802395,"Scheme":634825,"Scons":1348878,"Shell":181017448,"Smarty Template":26880204,"Softbridge Basic":7488,"Specman e":2228007,"Spice Netlist":11,"Standard ML (SML)":1186886,"Stata":3714121,"Stylus":1054804,"Swift":1249340,"Swig":0,"SystemVerilog":6585672,"Systemd":0,"TCL":23743167,"TOML":11005,"TaskPaper":0,"TeX":7357190,"Thrift":0,"Twig Template":3239246,"TypeScript":83231991,"TypeScript Typings":18740471,"Unreal Script":1737577,"Ur/Web":20384,"Ur/Web Project":2,"V":3008303,"VHDL":2726713,"Vala":1525402,"Varnish Configuration":0,"Verilog":15697,"Verilog Args File":0,"Vertex Shader File":165350,"Vim Script":49275271,"Visual Basic":163179,"Visual Basic for Applications":3185306,"Vue":105094,"Wolfram":151351,"Wren":2963,"XAML":37291,"XCode Config":0,"XML":0,"XML Schema":0,"Xtend":371969,"YAML":0,"Zig":248,"Zsh":3709976,"gitignore":0,"ignore":0,"m4":0,"nuspec":0,"sed":840831}