{"ASP":2,"ASP.NET":24,"ActionScript":876,"Ada":3,"Agda":2,"Alchemist":3,"Alex":51,"Alloy":1,"AsciiDoc":1,"Assembly":47,"Autoconf":86,"BASH":61,"Basic":4,"Batch":71,"Bazel":2,"Boo":10,"Brainfuck":3,"C":6897,"C Header":7660,"C Shell":7,"C#":735,"C++":1543,"C++ Header":81,"COBOL":10,"CSS":221,"CSV":361,"Cabal":23,"Clojure":17,"ClojureScript":1,"CoffeeScript":95,"Coq":36,"D":194,"Dart":1533,"Emacs Lisp":7,"Erlang":7,"F#":9,"FORTRAN Legacy":10,"FORTRAN Modern":4,"Fish":27,"Forth":1,"Fragment Shader File":1,"Freemarker Template":2,"GLSL":33,"Gherkin Specification":2,"Go":50,"Go Template":1500,"Groovy":38,"HEX":3,"HTML":3560,"Handlebars":2,"Happy":2,"Haskell":75,"Haxe":113,"Isabelle":15,"JSON":1598,"JSX":4,"Jade":7,"Java":7023,"JavaScript":4306,"JavaServer Pages":1037,"Julia":1,"Jupyter":2,"LESS":14,"LEX":5,"LaTeX":10,"Lisp":22,"Lua":499,"MSBuild":52,"Macromedia eXtensible Markup Language":8,"Makefile":23,"Markdown":122,"Module-Definition":4,"Mustache":1,"Nim":10,"Nix":2,"OCaml":21,"Objective C":107,"Objective C++":1,"Org":2,"PHP":5713,"Pascal":17,"Perl":168,"Plain Text":4766,"Processing":488,"Prolog":23,"Properties File":799,"Protocol Buffers":3,"Python":1092,"QML":10,"R":76,"Rakefile":3,"Razor":4,"ReStructuredText":5,"Ruby":3121,"Rust":1504,"SAS":1,"SQL":25,"SRecode Template":6,"SVG":1234,"Sass":42,"Scala":31,"Scheme":127,"Shell":356,"Smarty Template":48,"Specman e":6,"Standard ML (SML)":1,"Stylus":2,"Swift":1,"Swig":4,"SystemVerilog":17,"Systemd":3,"TCL":1,"TOML":14,"TeX":32,"Thrift":2,"Twig Template":7,"TypeScript":27,"Unreal Script":42,"V":25,"VHDL":1,"Vim Script":22,"Visual Basic":6,"Vue":2,"Wolfram":2,"XAML":10,"XML":1212,"XML Schema":17,"YAML":134,"Zsh":9,"m4":9,"nuspec":2}