{"a55":22,"anal":950,"anus":19,"arse":11,"ass":11358,"asses":8,"asshole":30,"assholes":2,"balls":8001,"bastard":118,"beastiality":2,"bestial":13,"biatch":2,"bitch":63,"bitches":26,"bitchin":2,"bloody":35,"blowjob":31,"bollok":2,"boner":14,"boob":16,"boobs":74,"breasts":18,"buceta":1,"bugger":132,"bum":151,"butt":265,"butthole":6,"buttplug":2,"cawk":1,"chink":1,"cipa":1,"clit":72,"clitoris":33,"cnut":2,"cock":96,"cocks":2,"cocksucker":2,"cok":112,"coon":11,"cox":476,"crap":1112,"cum":118,"cumming":1,"cumshot":1,"cunnilingus":11,"cunt":11,"cunts":16,"damn":105,"dick":65,"dildo":18,"dildos":2,"dink":29,"dinks":1,"doggin":1,"dyke":7,"ejaculation":8,"fag":82,"faggot":13,"fagot":2,"fags":17,"fanny":130,"fatass":2,"fcuk":63,"feck":5,"fellatio":3,"flange":57,"fook":9,"fuck":572,"fucked":13,"fucker":24,"fuckers":6,"fucking":34,"fuckings":5,"fuckme":26,"fucks":8,"fudgepacker":1,"fuk":8,"fux":12,"fux0r":1,"gangbang":20,"gaylord":4,"goatse":45,"goddamn":3,"hell":2819,"heshe":3,"hoar":4,"hoare":138,"homo":88,"hore":2,"horny":7,"jackoff":4,"jap":1146,"jism":2,"jiz":2,"jizz":5,"knob":10368,"kock":1,"kum":97,"kummer":19,"kums":12,"lmfao":16,"lust":367,"masochist":10,"masterbation":1,"masturbate":4,"mof0":9,"mofo":154,"motherfucker":2,"motherfucking":1,"muff":5,"muther":2,"nazi":40,"nigga":6,"niggah":1,"nigger":5,"niggers":15,"nob":3385,"orgasm":20,"orgasms":1,"p0rn":1,"pawn":2919,"pecker":9,"penis":130,"phonesex":1,"piss":30,"pissed":3,"pisser":6,"pissin":1,"pissoff":5,"poop":510,"porn":93,"porno":8,"pornography":20,"pornos":3,"prick":25,"pricks":3,"pron":121,"pube":2,"pussies":1,"pussy":42,"rectum":11,"retard":23,"rimming":1,"sadist":4,"schlong":1,"screwing":1,"scrotum":5,"semen":15,"sex":5021,"shag":13,"shagger":2,"shagging":1,"shemale":3,"shit":383,"shite":7,"shithead":8,"shits":21,"shitter":6,"shitting":1,"shitty":4,"skank":5,"slut":43,"sluts":3,"smegma":3,"smut":15,"snatch":885,"spac":47,"spunk":10,"teez":21,"testical":16,"testicle":12,"tit":157,"titfuck":15,"tits":199,"tosser":18,"turd":63,"twat":17,"vagina":45,"viagra":51,"vulva":15,"wang":178,"wank":17,"wanker":57,"whore":43,"willies":2,"willy":49,"xrated":5,"xxx":7205}