{"ABAP":11654,"ASP":254430,"ASP.NET":2793205,"ATS":43860,"AWK":384897,"ActionScript":7630840,"Ada":2516303,"Agda":48304,"Alchemist":2659,"Alex":296473,"Alloy":31848,"Android Interface Definition Language":1677250,"Arvo":29184,"AsciiDoc":154137,"Assembly":42609041,"AutoHotKey":70283,"Autoconf":8248011,"BASH":288922,"Basic":85099,"Batch":3753982,"Bazel":1263038,"Bitbake":1288253,"Bitbucket Pipeline":418,"Boo":548943,"Bosque":21,"Brainfuck":13316,"BuildStream":21756,"C":571385849,"C Header":606038703,"C Shell":177227,"C#":77130898,"C++":113474757,"C++ Header":42143626,"CMake":4879837,"COBOL":29277,"CSS":49059893,"CSV":6161193,"Cabal":70656,"Cargo Lock":1829,"Cassius":876,"Ceylon":55797,"Clojure":958229,"ClojureScript":71424,"Closure Template":42967,"CoffeeScript":4787447,"ColdFusion":381987,"ColdFusion CFScript":395113,"Coq":172666,"Creole":75607,"Crystal":17622,"Cython":553322,"D":4668889,"Dart":801388,"Device Tree":9228020,"Dhall":58,"Docker ignore":6286,"Dockerfile":122411,"Document Type Definition":1258211,"Elixir":226104,"Elm":21312,"Emacs Dev Env":14931,"Emacs Lisp":2207055,"Erlang":4007180,"Expect":1859558,"Extensible Stylesheet Language Transformations":296430,"F#":390850,"F*":11415,"FIDL":121,"FORTRAN Legacy":1701686,"FORTRAN Modern":2193597,"Fish":188896,"Flow9":12698,"Forth":171948,"Fragment Shader File":122242,"Freemarker Template":696025,"Futhark":1261,"GDScript":26900,"GLSL":1619732,"GN":37369,"Game Maker Language":94595,"Game Maker Project":8,"Gherkin Specification":1812077,"Go":4659250,"Go Template":1893382,"Gradle":1134576,"Groovy":4632782,"HEX":951809,"HTML":200397669,"Hamlet":9382,"Handlebars":995776,"Happy":527162,"Haskell":1577957,"Haxe":764597,"IDL":3358825,"Idris":36914,"Intel HEX":3026855,"Isabelle":8643,"JAI":486,"JSON":54411368,"JSONL":217,"JSX":121813,"Jade":1157755,"Janet":23,"Java":271375574,"JavaScript":306057888,"JavaServer Pages":4813393,"Jenkins Buildfile":3078,"Jinja":158637,"Julia":213932,"Julius":1427,"Jupyter":274593,"Just":68,"Korn Shell":278001,"Kotlin":1382192,"LD Script":780025,"LESS":8131022,"LEX":556361,"LOLCODE":7287,"LaTeX":553835,"Lean":11790,"License":9128382,"Lisp":456739,"Lua":5267250,"Lucius":1649,"Luna":373,"MQL Header":3608,"MQL4":2897,"MQL5":1182,"MSBuild":3960864,"MUMPS":91281,"Macromedia eXtensible Markup Language":1109727,"Madlang":293,"Makefile":64254967,"Mako":176934,"Markdown":39162400,"Meson":10133,"Modula3":59003,"Module-Definition":1124777,"Monkey C":39451,"Mustache":1207327,"Nim":70872,"Nix":2208665,"OCaml":1140144,"Objective C":22250164,"Objective C++":2941734,"Opalang":34101,"Org":196578,"Oz":33599,"PHP":201567602,"PKGBUILD":504768,"PSL Assertion":5741,"Pascal":954650,"Patch":9418397,"Perl":8666277,"Plain Text":133928579,"Polly":6,"Pony":11096,"Powershell":618487,"Processing":1797831,"Prolog":1617864,"Properties File":23573532,"Protocol Buffers":348477,"Puppet":1571688,"PureScript":6739,"Python":91658313,"Q#":23740,"QCL":202,"QML":792164,"R":1416696,"Rakefile":3214243,"Razor":1555331,"ReStructuredText":11481633,"Report Definition Language":8647,"Robot Framework":11194,"Ruby":139869515,"Ruby HTML":756554,"Rust":3909953,"SAS":43870,"SKILL":461381,"SPDX":40,"SQL":21953948,"SRecode Template":78627,"SVG":16004288,"Sass":9726872,"Scala":10303325,"Scheme":603815,"Scons":266973,"Shell":15684754,"Smarty Template":5427342,"Softbridge Basic":3100,"Specman e":309228,"Spice Netlist":3040,"Standard ML (SML)":123278,"Stata":49560,"Stylus":662989,"Swift":147826,"Swig":1160331,"SystemVerilog":293053,"Systemd":736403,"TCL":1164802,"TOML":161643,"TaskPaper":2045,"TeX":730123,"Thrift":76533,"Twig Template":1361060,"TypeScript":2585997,"TypeScript Typings":1714477,"Unreal Script":215944,"Ur/Web":7235,"Ur/Web Project":1120,"V":159596,"VHDL":296481,"Vala":66137,"Varnish Configuration":9988,"Verilog":4983,"Verilog Args File":51,"Vertex Shader File":88945,"Vim Script":3837724,"Visual Basic":592821,"Visual Basic for Applications":184776,"Vue":28910,"Wolfram":25902,"Wren":2761,"XAML":1246245,"XCode Config":551457,"XML":138397075,"XML Schema":2811768,"Xtend":49356,"YAML":17649730,"Zig":41,"Zsh":848465,"gitignore":12844875,"ignore":31771,"m4":2486142,"nuspec":648949,"sed":162750}