{"ABAP":{"Name":"","Location":"/tmp/scc-tmp-path-20/ZIM2Reports/ZRIM01F01.abap","Filename":"ZRIM01F01.abap","Value":564971,"Bytes":564971,"Lines":16029,"Code":11762,"Comment":2832,"Blank":1435,"Complexity":5,"Url":"https://github.com/yetaai/sap"},"ASP":{"Name":"","Location":"/tmp/scc-tmp-path-20/molecular_dynamics/Amber/postproc/asa/1AOR_A.asa","Filename":"1AOR_A.asa","Value":13672864,"Bytes":13672864,"Lines":1504,"Code":1504,"Comment":0,"Blank":0,"Complexity":0,"Url":"https://github.com/clauswilke/structural_prediction_of_er"},"ASP.NET":{"Name":"","Location":"/tmp/scc-tmp-path-4/data/clean/Master","Filename":"Master","Value":43843114,"Bytes":43843114,"Lines":292699,"Code":292699,"Comment":0,"Blank":0,"Complexity":10411,"Url":"https://github.com/mullerj1973/open404"},"ATS":{"Name":"","Location":"/tmp/scc-tmp-path-29/npm-utils/contrib/libats-/hwxi/Andes/TEST/test03.dats","Filename":"test03.dats","Value":1186776,"Bytes":1186776,"Lines":12179,"Code":153,"Comment":12010,"Blank":16,"Complexity":3,"Url":"https://github.com/ashalkhakov/ats-postiats"},"AWK":{"Name":"","Location":"/tmp/scc-tmp-path-20/MultiSource/Benchmarks/MallocBench/perl/INPUT/words-large.awk","Filename":"words-large.awk","Value":644217,"Bytes":644217,"Lines":69964,"Code":69964,"Comment":0,"Blank":0,"Complexity":0,"Url":"https://github.com/apurtell/llvm-test-suite"},"ActionScript":{"Name":"","Location":"/tmp/scc-tmp-path-28/src/as3/generated_as3/EmittedBody.as","Filename":"EmittedBody.as","Value":33207813,"Bytes":33207813,"Lines":771148,"Code":741049,"Comment":7052,"Blank":23047,"Complexity":1,"Url":"https://github.com/brucejawn/flashsnes"},"Ada":{"Name":"","Location":"/tmp/scc-tmp-path-31/LCHtoADA/TestFiles/outADA.ada","Filename":"outADA.ada","Value":26524197,"Bytes":26524197,"Lines":2511,"Code":2511,"Comment":0,"Blank":0,"Complexity":0,"Url":"https://github.com/masumshaikh/hfcs"},"Agda":{"Name":"","Location":"/tmp/scc-tmp-path-3/Univalence/Obsolete/Pifextra.agda","Filename":"Pifextra.agda","Value":262797,"Bytes":262797,"Lines":6483,"Code":2883,"Comment":2892,"Blank":708,"Complexity":18,"Url":"https://github.com/zsparks/pi-dual"},"Alchemist":{"Name":"","Location":"/tmp/scc-tmp-path-23/TestInstall/crn/out.lmf-dos.crn","Filename":"out.lmf-dos.crn","Value":120461,"Bytes":120461,"Lines":2388,"Code":2166,"Comment":6,"Blank":216,"Complexity":8,"Url":"https://github.com/nim-hrkn/ecalj"},"Alex":{"Name":"","Location":"/tmp/scc-tmp-path-20/Cold Steel/Release/media/Models/Dalek.X","Filename":"Dalek.X","Value":58321141,"Bytes":58321141,"Lines":2459209,"Code":2459016,"Comment":0,"Blank":193,"Complexity":0,"Url":"https://bitbucket.com/brendenl92/coldest-steeliest"},"Alloy":{"Name":"","Location":"/tmp/scc-tmp-path-20/test.als","Filename":"test.als","Value":675934,"Bytes":675934,"Lines":8356,"Code":8356,"Comment":0,"Blank":0,"Complexity":0,"Url":"https://github.com/kpkoskin/slides-for-2011-jeju-python-workshop"},"Android Interface Definition Language":{"Name":"","Location":"/tmp/scc-tmp-path-24/telephony/java/com/android/internal/telephony/ITelephony.aidl","Filename":"ITelephony.aidl","Value":73502,"Bytes":73502,"Lines":2005,"Code":340,"Comment":1410,"Blank":255,"Complexity":0,"Url":"https://github.com/android/platform_frameworks_base"},"Arvo":{"Name":"","Location":"/tmp/scc-tmp-path-16/lang/c++/jsonschemas/large_schema.avsc","Filename":"large_schema.avsc","Value":385753,"Bytes":385753,"Lines":1,"Code":1,"Comment":0,"Blank":0,"Complexity":0,"Url":"https://github.com/apache/avro"},"AsciiDoc":{"Name":"","Location":"/tmp/scc-tmp-path-7/src/asciidoc/index.adoc","Filename":"index.adoc","Value":1991739,"Bytes":1991739,"Lines":52627,"Code":41083,"Comment":0,"Blank":11544,"Complexity":0,"Url":"https://github.com/cafe008/spring-framework"},"Assembly":{"Name":"","Location":"/tmp/scc-tmp-path-6/OffSeasonPro.Touch/obj/iPhone/Debug/mtouch-cache/monotouch.dll.armv7.s","Filename":"monotouch.dll.armv7.s","Value":91289847,"Bytes":91289847,"Lines":2927720,"Code":2272869,"Comment":0,"Blank":654851,"Complexity":0,"Url":"https://bitbucket.com/blake_davidson/offseasonpro"},"AutoHotKey":{"Name":"","Location":"/tmp/scc-tmp-path-3/keyboard/windows/Truly/Neosource/src/source/compose.generated.ahk","Filename":"compose.generated.ahk","Value":710113,"Bytes":710113,"Lines":17546,"Code":17531,"Comment":12,"Blank":3,"Complexity":0,"Url":"https://github.com/knupfer/dotfiles"},"Autoconf":{"Name":"","Location":"/tmp/scc-tmp-path-8/sampleDocInstances/in/ex1M-100d.in","Filename":"ex1M-100d.in","Value":407888904,"Bytes":407888904,"Lines":1000003,"Code":1000003,"Comment":0,"Blank":0,"Complexity":0,"Url":"https://github.com/duartebarbosa/cpd-proj"},"BASH":{"Name":"","Location":"/tmp/scc-tmp-path-8/test/tek/palmer-master-thesis.bash","Filename":"palmer-master-thesis.bash","Value":7461570,"Bytes":7461570,"Lines":96911,"Code":96906,"Comment":2,"Blank":3,"Complexity":0,"Url":"https://github.com/palmer-dabbelt/tek"},"Basic":{"Name":"","Location":"/tmp/scc-tmp-path-1/test/macro/vba_streams/excel-vba-streams-#1.bas","Filename":"excel-vba-streams-#1.bas","Value":9593820,"Bytes":9593820,"Lines":333707,"Code":307700,"Comment":3360,"Blank":22647,"Complexity":16,"Url":"https://github.com/jcorrius/go-oo-mingw32-soc"},"Batch":{"Name":"","Location":"/tmp/scc-tmp-path-31/test.bat","Filename":"test.bat","Value":6801923,"Bytes":6801923,"Lines":1237,"Code":1237,"Comment":0,"Blank":0,"Complexity":0,"Url":"https://github.com/stuporglue/solar_scripts"},"Bazel":{"Name":"","Location":"/tmp/scc-tmp-path-23/tests/build_timeout/buildlogs/run1/gcc-avr_4.8-2.1_amd64-20140427-2115.build","Filename":"gcc-avr_4.8-2.1_amd64-20140427-2115.build","Value":19094337,"Bytes":19094337,"Lines":54119,"Code":51176,"Comment":2897,"Blank":46,"Complexity":11736,"Url":"https://github.com/nonas/debian-clang"},"Bitbake":{"Name":"","Location":"/tmp/scc-tmp-path-29/SimPoint.3.2/bin/gcc_simpoint.bb","Filename":"gcc_simpoint.bb","Value":3434673,"Bytes":3434673,"Lines":294,"Code":294,"Comment":0,"Blank":0,"Complexity":0,"Url":"https://github.com/markgahagan/raven"},"Bitbucket Pipeline":{"Name":"","Location":"/tmp/scc-tmp-path-26/bitbucket-pipelines.yml","Filename":"bitbucket-pipelines.yml","Value":11860,"Bytes":11860,"Lines":109,"Code":75,"Comment":30,"Blank":4,"Complexity":0,"Url":"https://bitbucket.com/lorainelab/integrated-genome-browser"},"Boo":{"Name":"","Location":"/tmp/scc-tmp-path-21/Aufgabe_1/3.out.tex","Filename":"3.out.tex","Value":42848716,"Bytes":42848716,"Lines":1032145,"Code":1032145,"Comment":0,"Blank":0,"Complexity":0,"Url":"https://github.com/ph111p/bwinf_2014_runde2"},"Bosque":{"Name":"","Location":"/tmp/scc-tmp-path-2/world-dem-5-arcmin/world_dem_5arcmin_geo.bsq/world_dem_5arcmin_geo.bsq","Filename":"world_dem_5arcmin_geo.bsq","Value":18662400,"Bytes":18662400,"Lines":199238,"Code":199071,"Comment":0,"Blank":167,"Complexity":0,"Url":"https://github.com/jalbertbowden/world-data"},"Brainfuck":{"Name":"","Location":"/tmp/scc-tmp-path-0/FFBloomFilter/BF","Filename":"BF","Value":25165849,"Bytes":25165849,"Lines":2097158,"Code":2097158,"Comment":0,"Blank":0,"Complexity":6,"Url":"https://github.com/bletchley13/signature-based-malware-detection"},"BuildStream":{"Name":"","Location":"/tmp/scc-tmp-path-22/Final/Cites/Biometrics/biometrics.bst","Filename":"biometrics.bst","Value":368686,"Bytes":368686,"Lines":7746,"Code":7642,"Comment":15,"Blank":89,"Complexity":0,"Url":"https://github.com/mrzork/proyectomaestria"},"C":{"Name":"","Location":"/tmp/scc-tmp-path-26/Imp6/sourceFiles/CathDomainDescriptionFile.v3.5.c","Filename":"CathDomainDescriptionFile.v3.5.c","Value":218539312,"Bytes":218539312,"Lines":5440052,"Code":5299076,"Comment":140976,"Blank":0,"Complexity":920,"Url":"https://github.com/anumq/protein"},"C Header":{"Name":"","Location":"/tmp/scc-tmp-path-19/VuforiaAugmentedReality/VuforiaAugmentedReality/Models/head.h","Filename":"head.h","Value":150084608,"Bytes":150084608,"Lines":2746297,"Code":2059707,"Comment":686587,"Blank":3,"Complexity":0,"Url":"https://github.com/findingdestity/vuforiaaugmentedreality"},"C Shell":{"Name":"","Location":"/tmp/scc-tmp-path-30/trunk/data/plna.csh","Filename":"plna.csh","Value":59942785,"Bytes":59942785,"Lines":8000,"Code":8000,"Comment":0,"Blank":0,"Complexity":0,"Url":"https://gitlab.com/bgcx262/zswi2010-svn-to-git"},"C#":{"Name":"","Location":"/tmp/scc-tmp-path-17/RestDemo/Service References/DynnetWSApi/Reference.cs","Filename":"Reference.cs","Value":29942447,"Bytes":29942447,"Lines":378010,"Code":354758,"Comment":5995,"Blank":17257,"Complexity":1694,"Url":"https://github.com/ahan1874/restdemo"},"C++":{"Name":"","Location":"/tmp/scc-tmp-path-8/benchmarks/input/benchmark150_input_data.cpp","Filename":"benchmark150_input_data.cpp","Value":94302163,"Bytes":94302163,"Lines":1543056,"Code":1543046,"Comment":4,"Blank":6,"Complexity":0,"Url":"https://github.com/rolk/opm-benchmarks"},"C++ Header":{"Name":"","Location":"/tmp/scc-tmp-path-15/include/qmlib/math/random/impl/primpoly_impl.hh","Filename":"primpoly_impl.hh","Value":77865098,"Bytes":77865098,"Lines":8129599,"Code":8129521,"Comment":49,"Blank":29,"Complexity":0,"Url":"https://github.com/algotrust/qmlib"},"CMake":{"Name":"","Location":"/tmp/scc-tmp-path-14/tests/TestHerdt2010OnLineTestFGPI.datref.cmake","Filename":"TestHerdt2010OnLineTestFGPI.datref.cmake","Value":12828369,"Bytes":12828369,"Lines":22348,"Code":22348,"Comment":0,"Blank":0,"Complexity":0,"Url":"https://github.com/francois-keith/jrl-walkgen"},"COBOL":{"Name":"","Location":"/tmp/scc-tmp-path-18/kei/cpy","Filename":"cpy","Value":23572509,"Bytes":23572509,"Lines":358745,"Code":358745,"Comment":0,"Blank":0,"Complexity":0,"Url":"https://github.com/nesl/scpi-scripts"},"CSS":{"Name":"","Location":"/tmp/scc-tmp-path-11/public/images/counties/icons.data.svg.css","Filename":"icons.data.svg.css","Value":44660930,"Bytes":44660930,"Lines":424,"Code":212,"Comment":0,"Blank":212,"Complexity":0,"Url":"https://bitbucket.com/rls2000/samplenodesite"},"CSV":{"Name":"","Location":"/tmp/scc-tmp-path-24/NetworkTraining/data/messy-data.csv","Filename":"messy-data.csv","Value":2642779999,"Bytes":2642779999,"Lines":1470000,"Code":1470000,"Comment":0,"Blank":0,"Complexity":0,"Url":"https://github.com/stevejarvis/scrawl-recognition"},"Cabal":{"Name":"","Location":"/tmp/scc-tmp-path-10/ghcjs-dom-jsffi/ghcjs-dom-jsffi.cabal","Filename":"ghcjs-dom-jsffi.cabal","Value":83109,"Bytes":83109,"Lines":1231,"Code":1220,"Comment":3,"Blank":8,"Complexity":4,"Url":"https://github.com/ghcjs/ghcjs-dom"},"Cargo Lock":{"Name":"","Location":"/tmp/scc-tmp-path-17/Cargo.lock","Filename":"Cargo.lock","Value":289000,"Bytes":289000,"Lines":6202,"Code":5660,"Comment":2,"Blank":540,"Complexity":0,"Url":"https://github.com/mozilla/servo"},"Cassius":{"Name":"","Location":"/tmp/scc-tmp-path-11/website/templates/default/navbar.cassius","Filename":"navbar.cassius","Value":9268,"Bytes":9268,"Lines":261,"Code":256,"Comment":5,"Blank":0,"Complexity":0,"Url":"https://github.com/dlthomas/snowdrift"},"Ceylon":{"Name":"","Location":"/tmp/scc-tmp-path-4/source/ceylon/ast/redhat/RedHatTransformer.ceylon","Filename":"RedHatTransformer.ceylon","Value":166229,"Bytes":166229,"Lines":3907,"Code":3538,"Comment":23,"Blank":346,"Complexity":268,"Url":"https://github.com/ceylon/ceylonast"},"Clojure":{"Name":"","Location":"/tmp/scc-tmp-path-0/raw-data.clj","Filename":"raw-data.clj","Value":76901922,"Bytes":76901922,"Lines":694202,"Code":694202,"Comment":0,"Blank":0,"Complexity":29950,"Url":"https://github.com/candera/cs-atom"},"ClojureScript":{"Name":"","Location":"/tmp/scc-tmp-path-24/src/painful_clojurescript_compilation/core.cljs","Filename":"core.cljs","Value":1548994,"Bytes":1548994,"Lines":31013,"Code":30969,"Comment":2,"Blank":42,"Complexity":0,"Url":"https://github.com/timvisher/painful-clojurescript-compilation"},"Closure Template":{"Name":"","Location":"/tmp/scc-tmp-path-12/tests/test-pages/pages/experimental/pageLayout/header/pageHeaderBulletproofing/index.soy","Filename":"index.soy","Value":258487,"Bytes":258487,"Lines":2944,"Code":2764,"Comment":3,"Blank":177,"Complexity":0,"Url":"https://bitbucket.com/affmobapp-free/aui"},"CoffeeScript":{"Name":"","Location":"/tmp/scc-tmp-path-25/src/full/spec.coffee","Filename":"spec.coffee","Value":6326876,"Bytes":6326876,"Lines":88969,"Code":88964,"Comment":0,"Blank":5,"Complexity":3,"Url":"https://github.com/openbibleinfo/bible-passage-reference-parser"},"ColdFusion":{"Name":"","Location":"/tmp/scc-tmp-path-21/IE8-ISSUE/welcome.cfm","Filename":"welcome.cfm","Value":602478,"Bytes":602478,"Lines":15626,"Code":11225,"Comment":0,"Blank":4401,"Complexity":97,"Url":"https://github.com/mkrebs97/caregivercelebrationz"},"ColdFusion CFScript":{"Name":"","Location":"/tmp/scc-tmp-path-31/collectmed1.0/CustomTags/com/common/db/IntakeHCPCIO.cfc","Filename":"IntakeHCPCIO.cfc","Value":970800,"Bytes":970800,"Lines":17606,"Code":12877,"Comment":0,"Blank":4729,"Complexity":338,"Url":"https://github.com/mfgglobalsolutions/collectmed"},"Coq":{"Name":"","Location":"/tmp/scc-tmp-path-13/REINS/CompiledDFAs.v","Filename":"CompiledDFAs.v","Value":55121186,"Bytes":55121186,"Lines":873354,"Code":873320,"Comment":25,"Blank":9,"Complexity":0,"Url":"https://bitbucket.com/mpettersson/reinsverifier"},"Creole":{"Name":"","Location":"/tmp/scc-tmp-path-27/MariaDB_Manager_Monitors.creole","Filename":"MariaDB_Manager_Monitors.creole","Value":87913,"Bytes":87913,"Lines":3855,"Code":2996,"Comment":0,"Blank":859,"Complexity":0,"Url":"https://github.com/bsmr-mariadb/mariadb-manager-monitor"},"Crystal":{"Name":"","Location":"/tmp/scc-tmp-path-9/lm7K/FPLOTdir/examples/chgd.cr","Filename":"chgd.cr","Value":186169,"Bytes":186169,"Lines":2551,"Code":2551,"Comment":0,"Blank":0,"Complexity":0,"Url":"https://github.com/bakhtatou/ecalj"},"Cython":{"Name":"","Location":"/tmp/scc-tmp-path-7/391_Project/CALC/CALC.pex.netlist.CALC.pxi","Filename":"CALC.pex.netlist.CALC.pxi","Value":3026774,"Bytes":3026774,"Lines":50283,"Code":50283,"Comment":0,"Blank":0,"Complexity":0,"Url":"https://github.com/szeng2013/eecs392"},"D":{"Name":"","Location":"/tmp/scc-tmp-path-28/old_projects/jpf-symbc/.hg/store/data/lib/coral.jar.d","Filename":"coral.jar.d","Value":21323952,"Bytes":21323952,"Lines":80850,"Code":176,"Comment":80674,"Blank":0,"Complexity":0,"Url":"https://github.com/khanhbui/jpf"},"Dart":{"Name":"","Location":"/tmp/scc-tmp-path-20/src/sha512_long_test_vectors.dart","Filename":"sha512_long_test_vectors.dart","Value":5020966,"Bytes":5020966,"Lines":270,"Code":261,"Comment":5,"Blank":4,"Complexity":0,"Url":"https://github.com/financecoding/dart-sha-2"},"Device Tree":{"Name":"","Location":"/tmp/scc-tmp-path-26/test/mnist1k.dts","Filename":"mnist1k.dts","Value":7057000,"Bytes":7057000,"Lines":1000,"Code":1000,"Comment":0,"Blank":0,"Complexity":0,"Url":"https://github.com/dreamboy127/lsh"},"Dhall":{"Name":"","Location":"/tmp/scc-tmp-path-22/samples/Dhall/largeExpressionA.dhall","Filename":"largeExpressionA.dhall","Value":10336,"Bytes":10336,"Lines":254,"Code":254,"Comment":0,"Blank":0,"Complexity":0,"Url":"https://github.com/github/linguist"},"Docker ignore":{"Name":"","Location":"/tmp/scc-tmp-path-26/.dockerignore","Filename":".dockerignore","Value":16050,"Bytes":16050,"Lines":286,"Code":260,"Comment":11,"Blank":15,"Complexity":0,"Url":"https://github.com/noaa-orr-erd/pygnome"},"Dockerfile":{"Name":"","Location":"/tmp/scc-tmp-path-3/Dockerfile","Filename":"Dockerfile","Value":20735,"Bytes":20735,"Lines":559,"Code":450,"Comment":63,"Blank":46,"Complexity":36,"Url":"https://github.com/boot2docker/boot2docker"},"Document Type Definition":{"Name":"","Location":"/tmp/scc-tmp-path-2/Mockito/Integration/teste.dtd","Filename":"teste.dtd","Value":17126304,"Bytes":17126304,"Lines":20888,"Code":20888,"Comment":0,"Blank":0,"Complexity":0,"Url":"https://bitbucket.com/wellavelino/mockito"},"Elixir":{"Name":"","Location":"/tmp/scc-tmp-path-29/data/pmid.sgd.crawl.ex","Filename":"pmid.sgd.crawl.ex","Value":105880942,"Bytes":105880942,"Lines":50068,"Code":49644,"Comment":0,"Blank":424,"Complexity":46479,"Url":"https://github.com/teamcohen/querendipity"},"Elm":{"Name":"","Location":"/tmp/scc-tmp-path-18/sc.ndt.commons/http/_SCRATCH/FASTbig.elm","Filename":"FASTbig.elm","Value":14547379,"Bytes":14547379,"Lines":4629,"Code":4629,"Comment":0,"Blank":0,"Complexity":0,"Url":"https://github.com/cooked/ndt"},"Emacs Dev Env":{"Name":"","Location":"/tmp/scc-tmp-path-29/emacs-24.2/info/ede","Filename":"ede","Value":115474,"Bytes":115474,"Lines":3400,"Code":2370,"Comment":3,"Blank":1027,"Complexity":209,"Url":"https://github.com/mjb0331/emacs"},"Emacs Lisp":{"Name":"","Location":"/tmp/scc-tmp-path-24/util/ubermacros.el","Filename":"ubermacros.el","Value":25394049,"Bytes":25394049,"Lines":195861,"Code":195858,"Comment":2,"Blank":1,"Complexity":67,"Url":"https://github.com/cmungall/uberon"},"Erlang":{"Name":"","Location":"/tmp/scc-tmp-path-25/com.siteview.kernel.core/modules/nnsdh/sdh_analogue_data.erl","Filename":"sdh_analogue_data.erl","Value":23910042,"Bytes":23910042,"Lines":473924,"Code":469526,"Comment":0,"Blank":4398,"Complexity":0,"Url":"https://github.com/siteview/erlide"},"Expect":{"Name":"","Location":"/tmp/scc-tmp-path-21/data/webmatrix.exp","Filename":"webmatrix.exp","Value":19492535,"Bytes":19492535,"Lines":12609,"Code":12609,"Comment":0,"Blank":0,"Complexity":3435,"Url":"https://github.com/geworkbench-group/geworkbench-core"},"Extensible Stylesheet Language Transformations":{"Name":"","Location":"/tmp/scc-tmp-path-9/templates/green_ccd.xslt","Filename":"green_ccd.xslt","Value":1817759,"Bytes":1817759,"Lines":37247,"Code":37245,"Comment":0,"Blank":2,"Complexity":0,"Url":"https://github.com/cmps290t/cmps290t"},"F#":{"Name":"","Location":"/tmp/scc-tmp-path-31/examples/USER/misc/momb/Ag_O1X5.5_O2X0.55.eam.fs","Filename":"Ag_O1X5.5_O2X0.55.eam.fs","Value":4680706,"Bytes":4680706,"Lines":180008,"Code":180008,"Comment":0,"Blank":0,"Complexity":0,"Url":"https://bitbucket.com/akohlmey/lammps"},"F*":{"Name":"","Location":"/tmp/scc-tmp-path-6/Pan_troglodytes_monomers.fst","Filename":"Pan_troglodytes_monomers.fst","Value":87411094,"Bytes":87411094,"Lines":1739878,"Code":1739878,"Comment":0,"Blank":0,"Complexity":0,"Url":"https://gitlab.com/projet_alphasat/projet_alphasat"},"FIDL":{"Name":"","Location":"/tmp/scc-tmp-path-5/docs/amb.in.fidl","Filename":"amb.in.fidl","Value":40651,"Bytes":40651,"Lines":1502,"Code":531,"Comment":686,"Blank":285,"Complexity":0,"Url":"https://github.com/otcshare/automotive-message-broker"},"FORTRAN Legacy":{"Name":"","Location":"/tmp/scc-tmp-path-23/aligner/data/hansards.f","Filename":"hansards.f","Value":11707317,"Bytes":11707317,"Lines":100000,"Code":91444,"Comment":8556,"Blank":0,"Complexity":0,"Url":"https://github.com/arjunrajjain/cis-526"},"FORTRAN Modern":{"Name":"","Location":"/tmp/scc-tmp-path-18/slatec/slatec.f90","Filename":"slatec.f90","Value":10388406,"Bytes":10388406,"Lines":298677,"Code":128657,"Comment":169817,"Blank":203,"Complexity":23206,"Url":"https://github.com/johannesgerer/jburkardt-f"},"Fish":{"Name":"","Location":"/tmp/scc-tmp-path-6/functions/Godsay.fish","Filename":"Godsay.fish","Value":4521571,"Bytes":4521571,"Lines":31112,"Code":7,"Comment":31103,"Blank":2,"Complexity":1,"Url":"https://gitlab.com/mitzip/fish-config"},"Flow9":{"Name":"","Location":"/tmp/scc-tmp-path-2/test_files/fam88.flow","Filename":"fam88.flow","Value":2705582,"Bytes":2705582,"Lines":616,"Code":594,"Comment":0,"Blank":22,"Complexity":0,"Url":"https://github.com/wtsi-medical-genomics/olorin"},"Forth":{"Name":"","Location":"/tmp/scc-tmp-path-16/data/corpus/europarl.tok.fr","Filename":"europarl.tok.fr","Value":237781843,"Bytes":237781843,"Lines":1288074,"Code":1276280,"Comment":9090,"Blank":2704,"Complexity":156,"Url":"https://github.com/mar-one/machine-trans-shared-task"},"Fragment Shader File":{"Name":"","Location":"/tmp/scc-tmp-path-21/Simplex/ms812_bseqoslabel_l.fsh","Filename":"ms812_bseqoslabel_l.fsh","Value":299804,"Bytes":299804,"Lines":6269,"Code":6269,"Comment":0,"Blank":0,"Complexity":0,"Url":"https://github.com/jcamposr/wis20"},"Freemarker Template":{"Name":"","Location":"/tmp/scc-tmp-path-17/src/main/resources/apps/simpleportal/htmlmail/designed.eml.ftl","Filename":"designed.eml.ftl","Value":3951567,"Bytes":3951567,"Lines":52160,"Code":51979,"Comment":0,"Blank":181,"Complexity":0,"Url":"https://github.com/livesense/orglivesensesamplesimpleportal"},"Futhark":{"Name":"","Location":"/tmp/scc-tmp-path-29/futlib/math.fut","Filename":"math.fut","Value":33391,"Bytes":33391,"Lines":990,"Code":732,"Comment":30,"Blank":228,"Complexity":86,"Url":"https://github.com/hiperfit/futhark"},"GDScript":{"Name":"","Location":"/tmp/scc-tmp-path-7/data/AE005174.gd","Filename":"AE005174.gd","Value":4403957,"Bytes":4403957,"Lines":103285,"Code":97107,"Comment":0,"Blank":6178,"Complexity":56,"Url":"https://github.com/jcnossen/hmmgenefinder"},"GLSL":{"Name":"","Location":"/tmp/scc-tmp-path-29/test/n-body-methods/gem/capsid.vert","Filename":"capsid.vert","Value":47489317,"Bytes":47489317,"Lines":593618,"Code":593618,"Comment":0,"Blank":0,"Complexity":1,"Url":"https://github.com/aminems/opendwarfs"},"GN":{"Name":"","Location":"/tmp/scc-tmp-path-20/third_party/libvpx_new/libvpx_srcs.gni","Filename":"libvpx_srcs.gni","Value":237122,"Bytes":237122,"Lines":3426,"Code":3421,"Comment":4,"Blank":1,"Complexity":0,"Url":"https://github.com/jtg-gg/chromiumsrc"},"Game Maker Language":{"Name":"","Location":"/tmp/scc-tmp-path-5/pineridge2osm/LL_Roads_OSM.gml","Filename":"LL_Roads_OSM.gml","Value":157716277,"Bytes":157716277,"Lines":2339175,"Code":2339175,"Comment":0,"Blank":0,"Complexity":0,"Url":"https://gitlab.com/albanianfloodingcrisiscamp/albanianfloodingcrisiscamp"},"Game Maker Project":{"Name":"","Location":"/tmp/scc-tmp-path-20/LD40/LudumDare.yyp","Filename":"LudumDare.yyp","Value":102189,"Bytes":102189,"Lines":2679,"Code":2677,"Comment":0,"Blank":2,"Complexity":0,"Url":"https://github.com/kgs0142/ludum-dare"},"Gherkin Specification":{"Name":"","Location":"/tmp/scc-tmp-path-16/data/raw/8/feature","Filename":"feature","Value":11742101,"Bytes":11742101,"Lines":175229,"Code":175229,"Comment":0,"Blank":0,"Complexity":0,"Url":"https://github.com/czlyc/2c-web-research"},"Go":{"Name":"","Location":"/tmp/scc-tmp-path-19/internal/dic/data/bindata12.go","Filename":"bindata12.go","Value":22020096,"Bytes":22020096,"Lines":26,"Code":21,"Comment":0,"Blank":5,"Complexity":2,"Url":"https://github.com/ikawaha/kagome"},"Go Template":{"Name":"","Location":"/tmp/scc-tmp-path-25/create/src/templates.tmpl","Filename":"templates.tmpl","Value":6095893,"Bytes":6095893,"Lines":11413,"Code":11382,"Comment":0,"Blank":31,"Complexity":0,"Url":"https://github.com/zabbix/zabbix"},"Gradle":{"Name":"","Location":"/tmp/scc-tmp-path-11/gradle/dependencies.gradle","Filename":"dependencies.gradle","Value":241384,"Bytes":241384,"Lines":3612,"Code":3607,"Comment":0,"Blank":5,"Complexity":0,"Url":"https://github.com/jasig/cas"},"Groovy":{"Name":"","Location":"/tmp/scc-tmp-path-16/tags/groovy","Filename":"groovy","Value":16479667,"Bytes":16479667,"Lines":100297,"Code":1312,"Comment":98985,"Blank":0,"Complexity":4,"Url":"https://bitbucket.com/nfredricks/vim-files"},"HEX":{"Name":"","Location":"/tmp/scc-tmp-path-1/ksp_plugin_test/large_plugin.proto.gipfeli.hex","Filename":"large_plugin.proto.gipfeli.hex","Value":80591819,"Bytes":80591819,"Lines":1553,"Code":1553,"Comment":0,"Blank":0,"Complexity":0,"Url":"https://github.com/mockingbirdnest/principia"},"HTML":{"Name":"","Location":"/tmp/scc-tmp-path-25/yo.html","Filename":"yo.html","Value":663973891,"Bytes":663973891,"Lines":54596752,"Code":50332467,"Comment":0,"Blank":4264285,"Complexity":0,"Url":"https://github.com/vanbug/codes"},"Hamlet":{"Name":"","Location":"/tmp/scc-tmp-path-3/developer/data/invertedIndexInput/hamlet","Filename":"hamlet","Value":208481,"Bytes":208481,"Lines":6045,"Code":6045,"Comment":0,"Blank":0,"Complexity":239,"Url":"https://github.com/dharamsingh/mapreduce"},"Handlebars":{"Name":"","Location":"/tmp/scc-tmp-path-20/site/pages/mobile-centre/index-fr.hbs","Filename":"index-fr.hbs","Value":494418,"Bytes":494418,"Lines":5381,"Code":5381,"Comment":0,"Blank":0,"Complexity":0,"Url":"https://github.com/bsouster/gcweb"},"Happy":{"Name":"","Location":"/tmp/scc-tmp-path-22/y","Filename":"y","Value":39066164,"Bytes":39066164,"Lines":624673,"Code":624663,"Comment":0,"Blank":10,"Complexity":0,"Url":"https://github.com/symbolicpower/perceptrondict"},"Haskell":{"Name":"","Location":"/tmp/scc-tmp-path-24/src/JacobiRootsBinary.hs","Filename":"JacobiRootsBinary.hs","Value":8212155,"Bytes":8212155,"Lines":12,"Code":6,"Comment":2,"Blank":4,"Complexity":0,"Url":"https://github.com/ghorn/jacobi-roots"},"Haxe":{"Name":"","Location":"/tmp/scc-tmp-path-1/u-boot-rd88ap510avng.hx","Filename":"u-boot-rd88ap510avng.hx","Value":1231151,"Bytes":1231151,"Lines":2969,"Code":2969,"Comment":0,"Blank":0,"Complexity":0,"Url":"https://github.com/globalscaletechnologiesinc/d3-firmware"},"IDL":{"Name":"","Location":"/tmp/scc-tmp-path-29/mingw-w64-headers/include/mshtml.idl","Filename":"mshtml.idl","Value":5487142,"Bytes":5487142,"Lines":59457,"Code":59005,"Comment":0,"Blank":452,"Complexity":0,"Url":"https://github.com/alexpux/mingw-w64"},"Idris":{"Name":"","Location":"/tmp/scc-tmp-path-24/Provers/ring_reduce.idr","Filename":"ring_reduce.idr","Value":105518,"Bytes":105518,"Lines":2434,"Code":1784,"Comment":378,"Blank":272,"Complexity":0,"Url":"https://github.com/francks/ringidris"},"Intel HEX":{"Name":"","Location":"/tmp/scc-tmp-path-10/firmware/imx/epdc_ED060SCE.fw.ihex","Filename":"epdc_ED060SCE.fw.ihex","Value":11420834,"Bytes":11420834,"Lines":253836,"Code":253836,"Comment":0,"Blank":0,"Complexity":0,"Url":"https://github.com/giorgio130/linux-2635-kobo-multitouch"},"Isabelle":{"Name":"","Location":"/tmp/scc-tmp-path-28/experiments/effect_of_reuse_and_minimization/output_FN/WooLam_cert_auto.thy","Filename":"WooLam_cert_auto.thy","Value":1343764,"Bytes":1343764,"Lines":22312,"Code":22291,"Comment":0,"Blank":21,"Complexity":0,"Url":"https://github.com/jshs/scyther-proof"},"JAI":{"Name":"","Location":"/tmp/scc-tmp-path-8/lightcrafts/resources/com/lightcrafts/mediax/jai/LCregistryFile.jai","Filename":"LCregistryFile.jai","Value":36828,"Bytes":36828,"Lines":489,"Code":477,"Comment":0,"Blank":12,"Complexity":7,"Url":"https://github.com/andy-hay/lightzone"},"JSON":{"Name":"","Location":"/tmp/scc-tmp-path-4/geojson/zcta5.json","Filename":"zcta5.json","Value":1420311779,"Bytes":1420311779,"Lines":66246,"Code":66244,"Comment":0,"Blank":2,"Complexity":0,"Url":"https://github.com/aagarwal10/us-maps"},"JSONL":{"Name":"","Location":"/tmp/scc-tmp-path-27/_site/data/index/incanto-j_seg.jsonl","Filename":"incanto-j_seg.jsonl","Value":9670464,"Bytes":9670464,"Lines":3472,"Code":3472,"Comment":0,"Blank":0,"Complexity":0,"Url":"https://github.com/computingplace/topotime"},"JSX":{"Name":"","Location":"/tmp/scc-tmp-path-13/scripts/AEscript.jsx","Filename":"AEscript.jsx","Value":3296858,"Bytes":3296858,"Lines":65108,"Code":63950,"Comment":2,"Blank":1156,"Complexity":1,"Url":"https://github.com/imclab/drawgrid"},"Jade":{"Name":"","Location":"/tmp/scc-tmp-path-29/ffx/base64.jade","Filename":"base64.jade","Value":3315461,"Bytes":3315461,"Lines":100,"Code":100,"Comment":0,"Blank":0,"Complexity":0,"Url":"https://bitbucket.com/hatena-mvn/hatena-mvnbitbucketorg"},"Janet":{"Name":"","Location":"/tmp/scc-tmp-path-20/ships/JANET","Filename":"JANET","Value":15890,"Bytes":15890,"Lines":103,"Code":80,"Comment":0,"Blank":23,"Complexity":0,"Url":"https://github.com/boonjiashen/aisparser"},"Java":{"Name":"","Location":"/tmp/scc-tmp-path-18/concourse-driver-java/src/main/java/com/cinchapi/concourse/thrift/ConcourseService.java","Filename":"ConcourseService.java","Value":34304913,"Bytes":34304913,"Lines":818012,"Code":702499,"Comment":36985,"Blank":78528,"Complexity":139020,"Url":"https://github.com/cinchapi/concourse"},"JavaScript":{"Name":"","Location":"/tmp/scc-tmp-path-19/app/assets/three/mirus.js","Filename":"mirus.js","Value":375089434,"Bytes":375089434,"Lines":22023354,"Code":22023354,"Comment":0,"Blank":0,"Complexity":0,"Url":"https://bitbucket.com/eternum/rails-facebook-webgl"},"JavaServer Pages":{"Name":"","Location":"/tmp/scc-tmp-path-16/samples/plugins/org.obeonetwork.sample.demo.weblogng.ui/WebContent/layout/footer.jsp","Filename":"footer.jsp","Value":4188806,"Bytes":4188806,"Lines":9,"Code":7,"Comment":0,"Blank":2,"Complexity":2,"Url":"https://github.com/alma2012/informationsystem"},"Jenkins Buildfile":{"Name":"","Location":"/tmp/scc-tmp-path-15/scripts/jenkins/Jenkinsfile","Filename":"Jenkinsfile","Value":44391,"Bytes":44391,"Lines":1559,"Code":1416,"Comment":0,"Blank":143,"Complexity":0,"Url":"https://github.com/elektrainitiative/libelektra"},"Jinja":{"Name":"","Location":"/tmp/scc-tmp-path-1/jinja2","Filename":"jinja2","Value":5990836,"Bytes":5990836,"Lines":76040,"Code":76030,"Comment":0,"Blank":10,"Complexity":0,"Url":"https://github.com/truebluedata/chakravyuhaiiitd"},"Julia":{"Name":"","Location":"/tmp/scc-tmp-path-9/techcrunchscrapy/techcrunchscrapy/spiders/article.jl","Filename":"article.jl","Value":32926301,"Bytes":32926301,"Lines":430,"Code":430,"Comment":0,"Blank":0,"Complexity":1031,"Url":"https://github.com/junishitsuka/python"},"Julius":{"Name":"","Location":"/tmp/scc-tmp-path-13/monaba/templates/default-layout.julius","Filename":"default-layout.julius","Value":98984,"Bytes":98984,"Lines":2454,"Code":2174,"Comment":144,"Blank":136,"Complexity":436,"Url":"https://github.com/ahushh/monaba"},"Jupyter":{"Name":"","Location":"/tmp/scc-tmp-path-30/Chapter3_Scientific_Numerical_Python/old/advanced.ipynb","Filename":"advanced.ipynb","Value":82015740,"Bytes":82015740,"Lines":1271,"Code":1271,"Comment":0,"Blank":0,"Complexity":0,"Url":"https://github.com/thomasg77/geogg122"},"Just":{"Name":"","Location":"/tmp/scc-tmp-path-7/api/graphql/Justfile","Filename":"Justfile","Value":2276,"Bytes":2276,"Lines":95,"Code":31,"Comment":46,"Blank":18,"Complexity":0,"Url":"https://github.com/sporto/kic"},"Korn Shell":{"Name":"","Location":"/tmp/scc-tmp-path-15/community/lists/devel/attachments/20090108/42143e6f/attachment.ksh","Filename":"attachment.ksh","Value":2380853,"Bytes":2380853,"Lines":12330,"Code":12148,"Comment":0,"Blank":182,"Complexity":1773,"Url":"https://github.com/ggouaillardet/ompi-www"},"Kotlin":{"Name":"","Location":"/tmp/scc-tmp-path-5/modules/lwjgl/vulkan/src/templates/kotlin/vulkan/templates/VK10.kt","Filename":"VK10.kt","Value":886289,"Bytes":886289,"Lines":10516,"Code":9416,"Comment":20,"Blank":1080,"Complexity":479,"Url":"https://github.com/lwjgl/lwjgl3"},"LD Script":{"Name":"","Location":"/tmp/scc-tmp-path-20/misc/ldscripts/patmos/prep/kernel_partitions.lds","Filename":"kernel_partitions.lds","Value":1399083,"Bytes":1399083,"Lines":127187,"Code":127186,"Comment":0,"Blank":1,"Complexity":0,"Url":"https://github.com/t-crest/ospat"},"LESS":{"Name":"","Location":"/tmp/scc-tmp-path-9/less","Filename":"less","Value":23568384,"Bytes":23568384,"Lines":1930356,"Code":1930356,"Comment":0,"Blank":0,"Complexity":0,"Url":"https://github.com/er2/euler"},"LEX":{"Name":"","Location":"/tmp/scc-tmp-path-2/gtk/l","Filename":"l","Value":198839315,"Bytes":198839315,"Lines":39743785,"Code":39743785,"Comment":0,"Blank":0,"Complexity":0,"Url":"https://github.com/phoenixiizero/snes9x-3d"},"LOLCODE":{"Name":"","Location":"/tmp/scc-tmp-path-30/c/lol","Filename":"lol","Value":56800001,"Bytes":56800001,"Lines":2,"Code":2,"Comment":0,"Blank":0,"Complexity":0,"Url":"https://github.com/jdan/code"},"LaTeX":{"Name":"","Location":"/tmp/scc-tmp-path-2/file/tex","Filename":"tex","Value":182964224,"Bytes":182964224,"Lines":8316556,"Code":8316556,"Comment":0,"Blank":0,"Complexity":0,"Url":"https://github.com/zbhappy/c"},"Lean":{"Name":"","Location":"/tmp/scc-tmp-path-3/library/init/meta/interactive.lean","Filename":"interactive.lean","Value":68266,"Bytes":68266,"Lines":1664,"Code":898,"Comment":568,"Blank":198,"Complexity":51,"Url":"https://github.com/leanprover/lean"},"License":{"Name":"","Location":"/tmp/scc-tmp-path-9/copyright","Filename":"copyright","Value":2077124,"Bytes":2077124,"Lines":37205,"Code":37007,"Comment":0,"Blank":198,"Complexity":0,"Url":"https://github.com/xnox/android"},"Lisp":{"Name":"","Location":"/tmp/scc-tmp-path-10/corpora/lin_thesaurus/simN.lsp","Filename":"simN.lsp","Value":156179291,"Bytes":156179291,"Lines":7233972,"Code":7233972,"Comment":0,"Blank":0,"Complexity":4994,"Url":"https://github.com/ayoub-89/nltk_data"},"Lua":{"Name":"","Location":"/tmp/scc-tmp-path-12/mbox.data.lua","Filename":"mbox.data.lua","Value":207174180,"Bytes":207174180,"Lines":2808219,"Code":2786472,"Comment":21747,"Blank":0,"Complexity":102079,"Url":"https://github.com/mischief/nb-map"},"Lucius":{"Name":"","Location":"/tmp/scc-tmp-path-14/templates/bootstrap.lucius","Filename":"bootstrap.lucius","Value":92639,"Bytes":92639,"Lines":3992,"Code":3574,"Comment":404,"Blank":14,"Complexity":0,"Url":"https://github.com/dsmatter/timetracker"},"Luna":{"Name":"","Location":"/tmp/scc-tmp-path-30/stdlib/Std/src/Base.luna","Filename":"Base.luna","Value":107360,"Bytes":107360,"Lines":3731,"Code":846,"Comment":2542,"Blank":343,"Complexity":0,"Url":"https://github.com/luna/luna"},"MQL Header":{"Name":"","Location":"/tmp/scc-tmp-path-14/IncGUI.mqh","Filename":"IncGUI.mqh","Value":171885,"Bytes":171885,"Lines":3544,"Code":777,"Comment":2352,"Blank":415,"Complexity":27,"Url":"https://github.com/ro31337/romanpushkin-dailygrid"},"MQL4":{"Name":"","Location":"/tmp/scc-tmp-path-26/PhD Appsolute System.mq4","Filename":"PhD Appsolute System.mq4","Value":433413,"Bytes":433413,"Lines":11280,"Code":6193,"Comment":2061,"Blank":3026,"Complexity":2738,"Url":"https://github.com/lvcster/java-examples"},"MQL5":{"Name":"","Location":"/tmp/scc-tmp-path-5/MQL5/Experts/Commercial/DTS1-Build_814.1_B-test~.mq5","Filename":"DTS1-Build_814.1_B-test~.mq5","Value":88766,"Bytes":88766,"Lines":2210,"Code":1911,"Comment":189,"Blank":110,"Complexity":1186,"Url":"https://github.com/dennislwm/mlea"},"MSBuild":{"Name":"","Location":"/tmp/scc-tmp-path-27/corpus/train.props","Filename":"train.props","Value":56633928,"Bytes":56633928,"Lines":989860,"Code":950028,"Comment":0,"Blank":39832,"Complexity":43,"Url":"https://github.com/chrisleewashere/swirl-osx"},"MUMPS":{"Name":"","Location":"/tmp/scc-tmp-path-2/spec2006/450.soplex/ref.mps","Filename":"ref.mps","Value":279806289,"Bytes":279806289,"Lines":4709289,"Code":4709289,"Comment":0,"Blank":0,"Complexity":0,"Url":"https://bitbucket.com/dzhang50/gpm"},"Macromedia eXtensible Markup Language":{"Name":"","Location":"/tmp/scc-tmp-path-27/ppinot-model/src/test/resources/es/us/isa/ppinot/evaluation/simulation_logs.mxml","Filename":"simulation_logs.mxml","Value":10202542,"Bytes":10202542,"Lines":261751,"Code":261751,"Comment":0,"Blank":0,"Complexity":0,"Url":"https://github.com/isa-group/ppinot"},"Madlang":{"Name":"","Location":"/tmp/scc-tmp-path-31/madgraph/madgraph_binaries/vendor/StdHEP/example/evgg.mad","Filename":"evgg.mad","Value":1458158,"Bytes":1458158,"Lines":19416,"Code":19416,"Comment":0,"Blank":0,"Complexity":0,"Url":"https://github.com/cesarotti/dark-photons"},"Makefile":{"Name":"","Location":"/tmp/scc-tmp-path-19/libjsqlite-spatialite-android/spatialite-android-library/jni/curl-7.65.1/tests/libtest/Makefile","Filename":"Makefile","Value":24492949,"Bytes":24492949,"Lines":404001,"Code":400203,"Comment":2694,"Blank":1104,"Complexity":4448,"Url":"https://github.com/geopaparazzi/libjsqlite-spatialite-android"},"Mako":{"Name":"","Location":"/tmp/scc-tmp-path-7/zkpylons/templates/registration/badges_svg.mako","Filename":"badges_svg.mako","Value":1773905,"Bytes":1773905,"Lines":1332,"Code":1329,"Comment":0,"Blank":3,"Complexity":8,"Url":"https://github.com/alexcthomas/zookeepr"},"Markdown":{"Name":"","Location":"/tmp/scc-tmp-path-14/bookmarks.md","Filename":"bookmarks.md","Value":506929152,"Bytes":506929152,"Lines":23170,"Code":23170,"Comment":0,"Blank":0,"Complexity":0,"Url":"https://github.com/zazaidi/textmate"},"Meson":{"Name":"","Location":"/tmp/scc-tmp-path-6/meson.build","Filename":"meson.build","Value":130647,"Bytes":130647,"Lines":3264,"Code":2955,"Comment":54,"Blank":255,"Complexity":197,"Url":"https://github.com/keruspe/systemd"},"Modula3":{"Name":"","Location":"/tmp/scc-tmp-path-8/tests/m3/tpch22.m3","Filename":"tpch22.m3","Value":6470073,"Bytes":6470073,"Lines":120185,"Code":119970,"Comment":0,"Blank":215,"Complexity":5182,"Url":"https://github.com/damsl/k3-mosaic"},"Module-Definition":{"Name":"","Location":"/tmp/scc-tmp-path-21/src/WindowsPhone/Slovo.UI/Data/wordnet3_0.def","Filename":"wordnet3_0.def","Value":44690432,"Bytes":44690432,"Lines":644576,"Code":582983,"Comment":1588,"Blank":60005,"Complexity":32008,"Url":"https://github.com/mihania/slovo"},"Monkey C":{"Name":"","Location":"/tmp/scc-tmp-path-21/hklgen/Al2O3/M2/Al2O3-point.mc","Filename":"Al2O3-point.mc","Value":28004751,"Bytes":28004751,"Lines":101101,"Code":101101,"Comment":0,"Blank":0,"Complexity":0,"Url":"https://github.com/jlesniewski/pycrysfml"},"Mustache":{"Name":"","Location":"/tmp/scc-tmp-path-30/app/js/page/slide_content.mustache","Filename":"slide_content.mustache","Value":4478984,"Bytes":4478984,"Lines":1,"Code":1,"Comment":0,"Blank":0,"Complexity":8,"Url":"https://github.com/jharwig/flight-presentation"},"Nim":{"Name":"","Location":"/tmp/scc-tmp-path-1/lib/windows/windows.nim","Filename":"windows.nim","Value":1041675,"Bytes":1041675,"Lines":23928,"Code":21969,"Comment":892,"Blank":1067,"Complexity":9,"Url":"https://github.com/renesac/nimrod"},"Nix":{"Name":"","Location":"/tmp/scc-tmp-path-4/nix","Filename":"nix","Value":19057601,"Bytes":19057601,"Lines":59961,"Code":40303,"Comment":19605,"Blank":53,"Complexity":12,"Url":"https://github.com/matthewbauer/matthewbauerhubio"},"OCaml":{"Name":"","Location":"/tmp/scc-tmp-path-31/acquired.ml","Filename":"acquired.ml","Value":35694595,"Bytes":35694595,"Lines":40079,"Code":40079,"Comment":0,"Blank":0,"Complexity":0,"Url":"https://github.com/diegopdomingos/mc851fd"},"Objective C":{"Name":"","Location":"/tmp/scc-tmp-path-12/spiral_4D_2k_dim4_standard_rips_threshold0_625_log.m","Filename":"spiral_4D_2k_dim4_standard_rips_threshold0_625_log.m","Value":95046049,"Bytes":95046049,"Lines":1,"Code":1,"Comment":0,"Blank":0,"Complexity":0,"Url":"https://github.com/donsheehy/barcode"},"Objective C++":{"Name":"","Location":"/tmp/scc-tmp-path-13/data/yelp/review-1.mm","Filename":"review-1.mm","Value":189865812,"Bytes":189865812,"Lines":12788052,"Code":12788052,"Comment":0,"Blank":0,"Complexity":0,"Url":"https://bitbucket.com/vanghdi/yelp"},"Opalang":{"Name":"","Location":"/tmp/scc-tmp-path-9/sample_data/p4000_g+5.0_m0.0_t00_st_z+0.00_a+0.00_c+0.00_n+0.00_o+0.00_r+0.00_s+0.00.opa","Filename":"p4000_g+5.0_m0.0_t00_st_z+0.00_a+0.00_c+0.00_n+0.00_o+0.00_r+0.00_s+0.00.opa","Value":1377267,"Bytes":1377267,"Lines":20168,"Code":20168,"Comment":0,"Blank":0,"Complexity":0,"Url":"https://github.com/kevtron/uniformsphere"},"Org":{"Name":"","Location":"/tmp/scc-tmp-path-12/sogou_dict_import/default.org","Filename":"default.org","Value":60472518,"Bytes":60472518,"Lines":1875096,"Code":1875096,"Comment":0,"Blank":0,"Complexity":0,"Url":"https://github.com/dyfeng/linuxscripts"},"Oz":{"Name":"","Location":"/tmp/scc-tmp-path-9/strasheela/contributions/anders/HarmonisedScore/source/Score.oz","Filename":"Score.oz","Value":180776,"Bytes":180776,"Lines":3569,"Code":1817,"Comment":1547,"Blank":205,"Complexity":55,"Url":"https://github.com/tanders/strasheela"},"PHP":{"Name":"","Location":"/tmp/scc-tmp-path-19/file/log/phpfox_error_log_04_04_12_3d4b11f6ee2a89fd5ace87c910cee04b.php","Filename":"phpfox_error_log_04_04_12_3d4b11f6ee2a89fd5ace87c910cee04b.php","Value":3623132146,"Bytes":3623132146,"Lines":121930973,"Code":121930973,"Comment":0,"Blank":0,"Complexity":0,"Url":"https://github.com/aadityajs/keylinkz"},"PKGBUILD":{"Name":"","Location":"/tmp/scc-tmp-path-30/stepmania-extras/PKGBUILD","Filename":"PKGBUILD","Value":521679,"Bytes":521679,"Lines":4636,"Code":4630,"Comment":0,"Blank":6,"Complexity":0,"Url":"https://bitbucket.com/axil42/aur-mirror"},"PSL Assertion":{"Name":"","Location":"/tmp/scc-tmp-path-18/src/hg/pslToBed/tests/input/test2.psl","Filename":"test2.psl","Value":13009924,"Bytes":13009924,"Lines":55307,"Code":55307,"Comment":0,"Blank":0,"Complexity":0,"Url":"https://github.com/aaalaaa/ucsc-browser-code-add-ons"},"Pascal":{"Name":"","Location":"/tmp/scc-tmp-path-27/library/r4/FHIR.R4.Resources.pas","Filename":"FHIR.R4.Resources.pas","Value":14354478,"Bytes":14354478,"Lines":363291,"Code":1,"Comment":363289,"Blank":1,"Complexity":0,"Url":"https://github.com/grahamegrieve/fhirserver"},"Patch":{"Name":"","Location":"/tmp/scc-tmp-path-4/clook_iosched-team01.patch","Filename":"clook_iosched-team01.patch","Value":306452718,"Bytes":306452718,"Lines":10982879,"Code":10982865,"Comment":0,"Blank":14,"Complexity":0,"Url":"https://github.com/lnava/cs411g1"},"Perl":{"Name":"","Location":"/tmp/scc-tmp-path-30/temp/aimlCore3.pl","Filename":"aimlCore3.pl","Value":120333094,"Bytes":120333094,"Lines":6539759,"Code":6351229,"Comment":45,"Blank":188485,"Complexity":394,"Url":"https://github.com/logicmoo/jellyfish"},"Plain Text":{"Name":"","Location":"/tmp/scc-tmp-path-12/data/origin/train_triplets.txt","Filename":"train_triplets.txt","Value":3001659271,"Bytes":3001659271,"Lines":48373586,"Code":48373586,"Comment":0,"Blank":0,"Complexity":0,"Url":"https://github.com/fangqiang08/million"},"Polly":{"Name":"","Location":"/tmp/scc-tmp-path-14/aur/polly","Filename":"polly","Value":939,"Bytes":939,"Lines":26,"Code":22,"Comment":0,"Blank":4,"Complexity":0,"Url":"https://github.com/hsoft/aurdiff"},"Pony":{"Name":"","Location":"/tmp/scc-tmp-path-19/ttyponies/trixiestage.pony","Filename":"trixiestage.pony","Value":73004,"Bytes":73004,"Lines":50,"Code":49,"Comment":0,"Blank":1,"Complexity":0,"Url":"https://github.com/l-four/ponysay"},"Powershell":{"Name":"","Location":"/tmp/scc-tmp-path-28/Scripts/PowershellDeepDives/Ch15-Supplemental__dnsserverlog.ps1","Filename":"Ch15-Supplemental__dnsserverlog.ps1","Value":4969479,"Bytes":4969479,"Lines":68428,"Code":34191,"Comment":72,"Blank":34165,"Complexity":1,"Url":"https://github.com/dwj7738/my-powershell-repository"},"Processing":{"Name":"","Location":"/tmp/scc-tmp-path-20/test/ref/textWidth_comic.pde","Filename":"textWidth_comic.pde","Value":1229799,"Bytes":1229799,"Lines":45,"Code":35,"Comment":2,"Blank":8,"Complexity":0,"Url":"https://github.com/annasob/processing-js"},"Prolog":{"Name":"","Location":"/tmp/scc-tmp-path-20/ConnectFour/networks/network_60percent_3layer_fullconnect.p","Filename":"network_60percent_3layer_fullconnect.p","Value":297875240,"Bytes":297875240,"Lines":2109101,"Code":2109101,"Comment":0,"Blank":0,"Complexity":0,"Url":"https://bitbucket.com/ahlec/university"},"Properties File":{"Name":"","Location":"/tmp/scc-tmp-path-27/languages/java/src/main/resources/stackexchange/codegolf/floodpaint/PuzzlesBundle.properties","Filename":"PuzzlesBundle.properties","Value":41388895,"Bytes":41388895,"Lines":100001,"Code":100000,"Comment":0,"Blank":1,"Complexity":0,"Url":"https://github.com/origineil02/code-samples"},"Protocol Buffers":{"Name":"","Location":"/tmp/scc-tmp-path-1/prototypes/sparc/SUNWgnome-themes.proto","Filename":"SUNWgnome-themes.proto","Value":2010262,"Bytes":2010262,"Lines":18624,"Code":18624,"Comment":0,"Blank":0,"Complexity":0,"Url":"https://github.com/aszeszo/jds"},"Puppet":{"Name":"","Location":"/tmp/scc-tmp-path-20/or_utils/inverse_reachability/robot.e4c5726e8866be6f6ef81c3f64b1f251/invreachability.0f991c374bb98a060ba5ca19d36c1b7a.pp","Filename":"invreachability.0f991c374bb98a060ba5ca19d36c1b7a.pp","Value":10975229,"Bytes":10975229,"Lines":10629,"Code":10629,"Comment":0,"Blank":0,"Complexity":0,"Url":"https://github.com/crazy-robot/youbot_openrave"},"PureScript":{"Name":"","Location":"/tmp/scc-tmp-path-1/src/Language/PureScript/TypeChecker/Types.purs","Filename":"Types.purs","Value":55158,"Bytes":55158,"Lines":1189,"Code":888,"Comment":225,"Blank":76,"Complexity":77,"Url":"https://github.com/joneshf/purescript-in-purescript"},"Python":{"Name":"","Location":"/tmp/scc-tmp-path-21/tests/many_indents.py","Filename":"many_indents.py","Value":200118896,"Bytes":200118896,"Lines":20001,"Code":20001,"Comment":0,"Blank":0,"Complexity":0,"Url":"https://bitbucket.com/camsoupa/compyler_tests"},"Q#":{"Name":"","Location":"/tmp/scc-tmp-path-0/modulos/facturacion/facturacion/scripts/flfacturac.qs","Filename":"flfacturac.qs","Value":339495,"Bytes":339495,"Lines":8542,"Code":7225,"Comment":373,"Blank":944,"Complexity":1359,"Url":"https://github.com/mariomop/abanq-ar"},"QCL":{"Name":"","Location":"/tmp/scc-tmp-path-16/Programs/QCLParser/bwt.qcl","Filename":"bwt.qcl","Value":8769,"Bytes":8769,"Lines":447,"Code":328,"Comment":21,"Blank":98,"Complexity":96,"Url":"https://bitbucket.com/gltronred/quipper-cabal"},"QML":{"Name":"","Location":"/tmp/scc-tmp-path-15/obspyDMT/gcmt_catalog/COMBO/2005.qml","Filename":"2005.qml","Value":15065740,"Bytes":15065740,"Lines":459113,"Code":459113,"Comment":0,"Blank":0,"Complexity":0,"Url":"https://github.com/kasra-hosseini/obspydmt"},"R":{"Name":"","Location":"/tmp/scc-tmp-path-29/R/GC_content_all_boxplots.R","Filename":"GC_content_all_boxplots.R","Value":30605657,"Bytes":30605657,"Lines":33326,"Code":33297,"Comment":5,"Blank":24,"Complexity":0,"Url":"https://bitbucket.com/enricoferrero86/phd-scripts"},"Rakefile":{"Name":"","Location":"/tmp/scc-tmp-path-21/lib/tasks/populate_universities.rake","Filename":"populate_universities.rake","Value":4636226,"Bytes":4636226,"Lines":9969,"Code":9967,"Comment":0,"Blank":2,"Complexity":92,"Url":"https://github.com/cmmartin/samurai"},"Razor":{"Name":"","Location":"/tmp/scc-tmp-path-3/DEQMYCOAL.web/Views/ePermitCompleteness/Checklist.cshtml","Filename":"Checklist.cshtml","Value":1799050,"Bytes":1799050,"Lines":1396,"Code":1395,"Comment":0,"Blank":1,"Complexity":2341,"Url":"https://github.com/nathantownsend/protodev"},"ReStructuredText":{"Name":"","Location":"/tmp/scc-tmp-path-6/doc/S32/S32HO026.rst","Filename":"S32HO026.rst","Value":12978930,"Bytes":12978930,"Lines":75117,"Code":70116,"Comment":0,"Blank":5001,"Complexity":0,"Url":"https://github.com/ledmonster/japanese-law"},"Report Definition Language":{"Name":"","Location":"/tmp/scc-tmp-path-23/ProntoMVC/Reportes/Proyectos de reporting/Report Project1/Mapa Compras.rdl","Filename":"Mapa Compras.rdl","Value":10813731,"Bytes":10813731,"Lines":41443,"Code":41443,"Comment":0,"Blank":0,"Complexity":0,"Url":"https://bitbucket.com/mscalella/pronto"},"Robot Framework":{"Name":"","Location":"/tmp/scc-tmp-path-30/dataset/41_tags/fnac/robot","Filename":"robot","Value":2529180,"Bytes":2529180,"Lines":2194,"Code":2193,"Comment":0,"Blank":1,"Complexity":0,"Url":"https://github.com/bhabegger/webextract"},"Ruby":{"Name":"","Location":"/tmp/scc-tmp-path-5/data/test.set.rb","Filename":"test.set.rb","Value":217196171,"Bytes":217196171,"Lines":5,"Code":5,"Comment":0,"Blank":0,"Complexity":0,"Url":"https://github.com/nemo157/gp"},"Ruby HTML":{"Name":"","Location":"/tmp/scc-tmp-path-12/app/views/home/big_table.rhtml","Filename":"big_table.rhtml","Value":865042,"Bytes":865042,"Lines":29306,"Code":29304,"Comment":0,"Blank":2,"Complexity":2,"Url":"https://github.com/vijedi/javascript_framework_test"},"Rust":{"Name":"","Location":"/tmp/scc-tmp-path-17/third_party/rust/lalrpop-snap/src/parser/lrgrammar.rs","Filename":"lrgrammar.rs","Value":3887355,"Bytes":3887355,"Lines":89292,"Code":83338,"Comment":5150,"Blank":804,"Complexity":322,"Url":"https://github.com/jankeromnes/gecko-dev"},"SAS":{"Name":"","Location":"/tmp/scc-tmp-path-1/benchmark/cloud/cloud.old2/output.sas","Filename":"output.sas","Value":32063584,"Bytes":32063584,"Lines":5874153,"Code":5874153,"Comment":0,"Blank":0,"Complexity":3,"Url":"https://github.com/herry13/fdt"},"SKILL":{"Name":"","Location":"/tmp/scc-tmp-path-11/9.13/Assembly-CSharp/hijacked.il","Filename":"hijacked.il","Value":56704223,"Bytes":56704223,"Lines":1187701,"Code":1111766,"Comment":0,"Blank":75935,"Complexity":909,"Url":"https://github.com/jacktsai/tos"},"SPDX":{"Name":"","Location":"/tmp/scc-tmp-path-25/misc_spdx/linux-coreos.spdx","Filename":"linux-coreos.spdx","Value":21230892,"Bytes":21230892,"Lines":444743,"Code":398730,"Comment":0,"Blank":46013,"Complexity":0,"Url":"https://github.com/triplecheck/misc"},"SQL":{"Name":"","Location":"/tmp/scc-tmp-path-14/sites/default/live-last_working-singlesite.sql","Filename":"live-last_working-singlesite.sql","Value":1826019226,"Bytes":1826019226,"Lines":8128,"Code":5889,"Comment":1344,"Blank":895,"Complexity":0,"Url":"https://github.com/agomez23/blvdeast"},"SRecode Template":{"Name":"","Location":"/tmp/scc-tmp-path-18/LEAVE_NONE_OUT/Hgdata.srt","Filename":"Hgdata.srt","Value":6399084,"Bytes":6399084,"Lines":101718,"Code":101718,"Comment":0,"Blank":0,"Complexity":0,"Url":"https://github.com/mnfienen/2011_final_fishhg"},"SVG":{"Name":"","Location":"/tmp/scc-tmp-path-0/Interleaves/alt/p4-s3_I369600.svg","Filename":"p4-s3_I369600.svg","Value":507593387,"Bytes":507593387,"Lines":5540543,"Code":4432588,"Comment":1107955,"Blank":0,"Complexity":0,"Url":"https://bitbucket.com/nicholma/cs4021-advanced-architecture-misc"},"Sass":{"Name":"","Location":"/tmp/scc-tmp-path-29/OpsBench/ma-thesis/bench/results/instruction/sm30_kernels.sass","Filename":"sm30_kernels.sass","Value":25847506,"Bytes":25847506,"Lines":243092,"Code":212601,"Comment":30306,"Blank":185,"Complexity":1,"Url":"https://github.com/wangbiaouestc/clpeak"},"Scala":{"Name":"","Location":"/tmp/scc-tmp-path-17/examples/renders/models_camaro.sc","Filename":"models_camaro.sc","Value":6008295,"Bytes":6008295,"Lines":253559,"Code":253544,"Comment":0,"Blank":15,"Complexity":0,"Url":"https://github.com/nette22/threeflowjs"},"Scheme":{"Name":"","Location":"/tmp/scc-tmp-path-19/pln/tuffy/smokes/tests/03-08-14/atomspace.scm","Filename":"atomspace.scm","Value":84828520,"Bytes":84828520,"Lines":3027366,"Code":2285646,"Comment":0,"Blank":741720,"Complexity":0,"Url":"https://github.com/cosmoharrigan/test-datasets"},"Scons":{"Name":"","Location":"/tmp/scc-tmp-path-30/SConstruct","Filename":"SConstruct","Value":212794,"Bytes":212794,"Lines":5272,"Code":4558,"Comment":618,"Blank":96,"Complexity":432,"Url":"https://github.com/dxx-rebirth/dxx-rebirth"},"Shell":{"Name":"","Location":"/tmp/scc-tmp-path-13/temp_files/LegendOfGrimrock-Linux-2012-12-18.sh","Filename":"LegendOfGrimrock-Linux-2012-12-18.sh","Value":316750312,"Bytes":316750312,"Lines":1237127,"Code":1230490,"Comment":3263,"Blank":3374,"Complexity":39,"Url":"https://github.com/hgoshko/magento-study"},"Smarty Template":{"Name":"","Location":"/tmp/scc-tmp-path-16/test/tests/twig-1.2.0/templates/assign.100000.tpl","Filename":"assign.100000.tpl","Value":3288905,"Bytes":3288905,"Lines":100002,"Code":100002,"Comment":0,"Blank":0,"Complexity":0,"Url":"https://github.com/uwetews/php-template-engines"},"Softbridge Basic":{"Name":"","Location":"/tmp/scc-tmp-path-0/gas/asm.sbl","Filename":"asm.sbl","Value":53428,"Bytes":53428,"Lines":2002,"Code":1653,"Comment":1,"Blank":348,"Complexity":98,"Url":"https://github.com/hardbol/spitbol"},"Specman e":{"Name":"","Location":"/tmp/scc-tmp-path-19/dat/e","Filename":"e","Value":100000000,"Bytes":100000000,"Lines":1,"Code":1,"Comment":0,"Blank":0,"Complexity":0,"Url":"https://github.com/simonmysun/heywhereareyouinconst"},"Spice Netlist":{"Name":"","Location":"/tmp/scc-tmp-path-29/DCS_FinalProject/input6.ckt","Filename":"input6.ckt","Value":603911,"Bytes":603911,"Lines":22454,"Code":22454,"Comment":0,"Blank":0,"Complexity":0,"Url":"https://github.com/danielsig727/dcs_labs"},"Standard ML (SML)":{"Name":"","Location":"/tmp/scc-tmp-path-14/test/rides/Ambit3-HRVbutNoHR.sml","Filename":"Ambit3-HRVbutNoHR.sml","Value":18006327,"Bytes":18006327,"Lines":576071,"Code":576071,"Comment":0,"Blank":0,"Complexity":0,"Url":"https://github.com/amtriathlon/goldencheetah"},"Stata":{"Name":"","Location":"/tmp/scc-tmp-path-11/Stata/DoFile/Logic/combinations/32321.do","Filename":"32321.do","Value":5717738,"Bytes":5717738,"Lines":60343,"Code":56700,"Comment":1690,"Blank":1953,"Complexity":48600,"Url":"https://github.com/funzelknut/migrationsvariable"},"Stylus":{"Name":"","Location":"/tmp/scc-tmp-path-18/views/stylesheets/fonts.styl","Filename":"fonts.styl","Value":2234665,"Bytes":2234665,"Lines":35,"Code":30,"Comment":0,"Blank":5,"Complexity":0,"Url":"https://github.com/okize/flubr"},"Swift":{"Name":"","Location":"/tmp/scc-tmp-path-3/plugin/Tests/pbTests/Google.Protobuf.UnittestEnormousDescriptor.proto.swift","Filename":"Google.Protobuf.UnittestEnormousDescriptor.proto.swift","Value":6439585,"Bytes":6439585,"Lines":60236,"Code":58211,"Comment":7,"Blank":2018,"Complexity":13017,"Url":"https://github.com/alexeyxo/protobuf-swift"},"Swig":{"Name":"","Location":"/tmp/scc-tmp-path-8/gl2gx/libogc/wii_release/gl_render.i","Filename":"gl_render.i","Value":11089573,"Bytes":11089573,"Lines":8348,"Code":6509,"Comment":0,"Blank":1839,"Complexity":0,"Url":"https://github.com/arikado/wii-homebrew"},"SystemVerilog":{"Name":"","Location":"/tmp/scc-tmp-path-2/tests/ARTIETests/testfiles/TestDataset01-functional.v","Filename":"TestDataset01-functional.v","Value":64898063,"Bytes":64898063,"Lines":277381,"Code":194354,"Comment":82555,"Blank":472,"Complexity":175,"Url":"https://github.com/littleood/bart"},"Systemd":{"Name":"","Location":"/tmp/scc-tmp-path-21/BuildFunctionalPath.ver.3/BP.path","Filename":"BP.path","Value":99744310,"Bytes":99744310,"Lines":574330,"Code":574330,"Comment":0,"Blank":0,"Complexity":0,"Url":"https://github.com/tuftsbcb/functionalpath"},"TCL":{"Name":"","Location":"/tmp/scc-tmp-path-22/datasets/TCL","Filename":"TCL","Value":27653264,"Bytes":27653264,"Lines":2362970,"Code":2362970,"Comment":0,"Blank":0,"Complexity":0,"Url":"https://github.com/pdsteele/socialnetworksproject"},"TOML":{"Name":"","Location":"/tmp/scc-tmp-path-7/stdlib/Pkg/bin/sha1map.toml","Filename":"sha1map.toml","Value":1375631,"Bytes":1375631,"Lines":19043,"Code":17058,"Comment":0,"Blank":1985,"Complexity":0,"Url":"https://github.com/altoplano/julia"},"TaskPaper":{"Name":"","Location":"/tmp/scc-tmp-path-23/audit/task-3275.taskpaper","Filename":"task-3275.taskpaper","Value":75810,"Bytes":75810,"Lines":1196,"Code":1196,"Comment":0,"Blank":0,"Complexity":0,"Url":"https://github.com/jdzak/ncs_navigator_core"},"TeX":{"Name":"","Location":"/tmp/scc-tmp-path-1/japanischtest.tex","Filename":"japanischtest.tex","Value":32077679,"Bytes":32077679,"Lines":1337456,"Code":1337442,"Comment":6,"Blank":8,"Complexity":93,"Url":"https://github.com/rogerbraun/wadoku-scripts"},"Thrift":{"Name":"","Location":"/tmp/scc-tmp-path-0/desktop/libs/libanalyze/testdata/profile.thrift","Filename":"profile.thrift","Value":702428,"Bytes":702428,"Lines":1,"Code":1,"Comment":0,"Blank":0,"Complexity":0,"Url":"https://github.com/cloudera/hue"},"Twig Template":{"Name":"","Location":"/tmp/scc-tmp-path-27/src/AlphaLemon/ElFinderBundle/Resources/views/ElFinder/show.html.twig","Filename":"show.html.twig","Value":920098,"Bytes":920098,"Lines":16318,"Code":14738,"Comment":0,"Blank":1580,"Complexity":0,"Url":"https://github.com/codesolutions/elfinderbundle"},"TypeScript":{"Name":"","Location":"/tmp/scc-tmp-path-11/007f0101/dat/energy.0001.ts","Filename":"energy.0001.ts","Value":77418496,"Bytes":77418496,"Lines":402000,"Code":402000,"Comment":0,"Blank":0,"Complexity":0,"Url":"https://github.com/slannez/rasppi"},"TypeScript Typings":{"Name":"","Location":"/tmp/scc-tmp-path-22/DojoTypeDescriptor/Scripts/typings/dojox.d.ts","Filename":"dojox.d.ts","Value":19514050,"Bytes":19514050,"Lines":384171,"Code":92840,"Comment":291002,"Blank":329,"Complexity":8786,"Url":"https://github.com/vansimke/dojotypedescriptiongenerator"},"Unreal Script":{"Name":"","Location":"/tmp/scc-tmp-path-22/bedau/results/gene0.uc","Filename":"gene0.uc","Value":27428041,"Bytes":27428041,"Lines":10001,"Code":10001,"Comment":0,"Blank":0,"Complexity":0,"Url":"https://github.com/terrycojones/echo"},"Ur/Web":{"Name":"","Location":"/tmp/scc-tmp-path-15/ur-en/tok/training.ur-en.ur","Filename":"training.ur-en.ur","Value":5252561,"Bytes":5252561,"Lines":33798,"Code":33798,"Comment":0,"Blank":0,"Complexity":8,"Url":"https://github.com/deepuiitk/indian-parallel-corpora"},"Ur/Web Project":{"Name":"","Location":"/tmp/scc-tmp-path-30/reader.urp","Filename":"reader.urp","Value":11134,"Bytes":11134,"Lines":346,"Code":323,"Comment":22,"Blank":1,"Complexity":0,"Url":"https://github.com/huluwa/bazqux-urweb"},"V":{"Name":"","Location":"/tmp/scc-tmp-path-7/tests/ARTIETests/testfiles/TestDataset01-functional.v","Filename":"TestDataset01-functional.v","Value":64898063,"Bytes":64898063,"Lines":277381,"Code":75206,"Comment":201973,"Blank":202,"Complexity":0,"Url":"https://github.com/bart-group/bart"},"VHDL":{"Name":"","Location":"/tmp/scc-tmp-path-0/mapped/cpuTest.vhd","Filename":"cpuTest.vhd","Value":19889903,"Bytes":19889903,"Lines":442043,"Code":290219,"Comment":107882,"Blank":43942,"Complexity":0,"Url":"https://github.com/mbarga/archive-cpu"},"Vala":{"Name":"","Location":"/tmp/scc-tmp-path-1/mwp/mwp.vala","Filename":"mwp.vala","Value":293411,"Bytes":293411,"Lines":8765,"Code":8358,"Comment":35,"Blank":372,"Complexity":357,"Url":"https://github.com/stronnag/mwptools"},"Varnish Configuration":{"Name":"","Location":"/tmp/scc-tmp-path-14/vcl/breach/40_generic_attacks.vcl","Filename":"40_generic_attacks.vcl","Value":569532,"Bytes":569532,"Lines":13367,"Code":10336,"Comment":3030,"Blank":1,"Complexity":0,"Url":"https://github.com/aureq/securityvcl"},"Verilog":{"Name":"","Location":"/tmp/scc-tmp-path-14/synth_report_0420/pipeline.vg","Filename":"pipeline.vg","Value":35028228,"Bytes":35028228,"Lines":578418,"Code":577785,"Comment":0,"Blank":633,"Complexity":0,"Url":"https://github.com/sammsiontir/eecs470_superernie"},"Verilog Args File":{"Name":"","Location":"/tmp/scc-tmp-path-13/uvm_ref_flow_2013.05/soc_verification_lib/uvm_e_ex_lib/uart_ctrl/sve/uart_ctrl.irunargs","Filename":"uart_ctrl.irunargs","Value":1935,"Bytes":1935,"Lines":50,"Code":42,"Comment":0,"Blank":8,"Complexity":0,"Url":"https://github.com/mballance/sveditor-ref-designs"},"Vertex Shader File":{"Name":"","Location":"/tmp/scc-tmp-path-16/p1010_bsp/cds8548.vsh","Filename":"cds8548.vsh","Value":181089,"Bytes":181089,"Lines":1448,"Code":1447,"Comment":0,"Blank":1,"Complexity":1,"Url":"https://github.com/jannson/p1010_vxworks"},"Vim Script":{"Name":"","Location":"/tmp/scc-tmp-path-21/autoload/cppapi/ddk.vim","Filename":"ddk.vim","Value":2913361,"Bytes":2913361,"Lines":60282,"Code":49519,"Comment":0,"Blank":10763,"Complexity":0,"Url":"https://github.com/yuratomo/cpp-api-ddk"},"Visual Basic":{"Name":"","Location":"/tmp/scc-tmp-path-23/BussinessLogic/linqStoreProcs.designer.vb","Filename":"linqStoreProcs.designer.vb","Value":17680097,"Bytes":17680097,"Lines":561067,"Code":479190,"Comment":9,"Blank":81868,"Complexity":0,"Url":"https://bitbucket.com/mscalella/pronto"},"Visual Basic for Applications":{"Name":"","Location":"/tmp/scc-tmp-path-5/FurnaceDriver/FurnaceDriver_rpy/Default/Dispatcher.cls","Filename":"Dispatcher.cls","Value":9679923,"Bytes":9679923,"Lines":332266,"Code":332256,"Comment":0,"Blank":10,"Complexity":2,"Url":"https://github.com/franc90/furnacedriver"},"Vue":{"Name":"","Location":"/tmp/scc-tmp-path-13/Ogre.vue","Filename":"Ogre.vue","Value":1133703,"Bytes":1133703,"Lines":22916,"Code":22906,"Comment":5,"Blank":5,"Complexity":0,"Url":"https://github.com/deepfire/tech"},"Wolfram":{"Name":"","Location":"/tmp/scc-tmp-path-23/hmm.nb","Filename":"hmm.nb","Value":99155670,"Bytes":99155670,"Lines":2177422,"Code":2140929,"Comment":75,"Blank":36418,"Complexity":0,"Url":"https://github.com/liei/shoebox"},"Wren":{"Name":"","Location":"/tmp/scc-tmp-path-12/test/limit/many_globals.wren","Filename":"many_globals.wren","Value":1615140,"Bytes":1615140,"Lines":8200,"Code":513,"Comment":7684,"Blank":3,"Complexity":0,"Url":"https://github.com/1100110/wren"},"XAML":{"Name":"","Location":"/tmp/scc-tmp-path-5/src/MetroFire/Assets/EmojiResourceDictionary.xaml","Filename":"EmojiResourceDictionary.xaml","Value":20213764,"Bytes":20213764,"Lines":1,"Code":1,"Comment":0,"Blank":0,"Complexity":0,"Url":"https://github.com/arildf/metrofire"},"XCode Config":{"Name":"","Location":"/tmp/scc-tmp-path-14/src/sam/src/client/max_client/maxmspsdk.xcconfig","Filename":"maxmspsdk.xcconfig","Value":51627,"Bytes":51627,"Lines":85,"Code":24,"Comment":38,"Blank":23,"Complexity":0,"Url":"https://github.com/vadiza/sage-35b"},"XML":{"Name":"","Location":"/tmp/scc-tmp-path-7/SBDM Exercise 2/dblp.xml","Filename":"dblp.xml","Value":1490597530,"Bytes":1490597530,"Lines":39445222,"Code":39425160,"Comment":0,"Blank":20062,"Complexity":0,"Url":"https://bitbucket.com/mellson/dblp-statistics"},"XML Schema":{"Name":"","Location":"/tmp/scc-tmp-path-7/tourismaustralia-core/src/main/resources/xsd/cqimport/schema0.xsd","Filename":"schema0.xsd","Value":71449814,"Bytes":71449814,"Lines":2343,"Code":2343,"Comment":0,"Blank":0,"Complexity":0,"Url":"https://github.com/sapanbamrah/t"},"Xtend":{"Name":"","Location":"/tmp/scc-tmp-path-8/de.fxdiagram.external/src/eu/hansolo/enzo/radialmenu/SymbolCanvas.xtend","Filename":"SymbolCanvas.xtend","Value":369460,"Bytes":369460,"Lines":668,"Code":553,"Comment":112,"Blank":3,"Complexity":1,"Url":"https://github.com/jankoehnlein/fxdiagram"},"YAML":{"Name":"","Location":"/tmp/scc-tmp-path-14/Data/FeatureClassification/inriaSinglePosQuadNeg.yml","Filename":"inriaSinglePosQuadNeg.yml","Value":483874052,"Bytes":483874052,"Lines":6825224,"Code":6825224,"Comment":0,"Blank":0,"Complexity":0,"Url":"https://github.com/dd8kb/mevbench"},"Zig":{"Name":"","Location":"/tmp/scc-tmp-path-21/Games/Tetris-zig/src/main.zig","Filename":"main.zig","Value":28351,"Bytes":28351,"Lines":903,"Code":757,"Comment":12,"Blank":134,"Complexity":115,"Url":"https://github.com/aurametrix/aurametrixhubio"},"Zsh":{"Name":"","Location":"/tmp/scc-tmp-path-3/completions/_oc.zsh","Filename":"_oc.zsh","Value":502192,"Bytes":502192,"Lines":17307,"Code":16080,"Comment":39,"Blank":1188,"Complexity":96,"Url":"https://github.com/voronenko/dotfiles"},"gitignore":{"Name":"","Location":"/tmp/scc-tmp-path-24/data/2014-05-02-Gulf-Coast-Data-Concepts/hulk/.gitignore","Filename":".gitignore","Value":8883434,"Bytes":8883434,"Lines":338034,"Code":338034,"Comment":0,"Blank":0,"Complexity":0,"Url":"https://github.com/rdeits/coasters"},"ignore":{"Name":"","Location":"/tmp/scc-tmp-path-30/app/views/taglibs/themes/clean-sidemenu/.ignore","Filename":".ignore","Value":3954,"Bytes":3954,"Lines":85,"Code":76,"Comment":0,"Blank":9,"Complexity":0,"Url":"https://github.com/jweltseaga/sites"},"m4":{"Name":"","Location":"/tmp/scc-tmp-path-21/python/atizer/m4/m4/ax.m4","Filename":"ax.m4","Value":1741781,"Bytes":1741781,"Lines":47828,"Code":22070,"Comment":22675,"Blank":3083,"Complexity":0,"Url":"https://github.com/tjgiese/atizer"},"nuspec":{"Name":"","Location":"/tmp/scc-tmp-path-31/Npm.js.nuspec","Filename":"Npm.js.nuspec","Value":509907,"Bytes":509907,"Lines":2823,"Code":2823,"Comment":0,"Blank":0,"Complexity":0,"Url":"https://github.com/giggio/npm-nuget"},"sed":{"Name":"","Location":"/tmp/scc-tmp-path-24/p1-075-05-025.sed","Filename":"p1-075-05-025.sed","Value":11531691,"Bytes":11531691,"Lines":1027,"Code":1026,"Comment":0,"Blank":1,"Complexity":0,"Url":"https://github.com/lsaravia/p-model"}}