{"ABAP":{"Name":"","Location":"/tmp/scc-tmp-path-20/ZIM2Reports/ZRIM01F01.abap","Filename":"ZRIM01F01.abap","Value":16029,"Bytes":564971,"Lines":16029,"Code":11762,"Comment":2832,"Blank":1435,"Complexity":5,"Url":"https://github.com/yetaai/sap"},"ASP":{"Name":"","Location":"/tmp/scc-tmp-path-25/tests/gbie/instances/sat_gbie_01.asp","Filename":"sat_gbie_01.asp","Value":95144,"Bytes":1511198,"Lines":95144,"Code":95144,"Comment":0,"Blank":0,"Complexity":0,"Url":"https://github.com/grote/oclingo"},"ASP.NET":{"Name":"","Location":"/tmp/scc-tmp-path-14/TestLcbo/AllProducts.aspx","Filename":"AllProducts.aspx","Value":438423,"Bytes":16763263,"Lines":438423,"Code":222477,"Comment":37,"Blank":215909,"Complexity":7,"Url":"https://github.com/claq2/lcbodrinkfinder"},"ATS":{"Name":"","Location":"/tmp/scc-tmp-path-29/npm-utils/contrib/libats-/hwxi/Andes/TEST/test06.dats","Filename":"test06.dats","Value":24350,"Bytes":448608,"Lines":24350,"Code":154,"Comment":24179,"Blank":17,"Complexity":3,"Url":"https://github.com/ashalkhakov/ats-postiats"},"AWK":{"Name":"","Location":"/tmp/scc-tmp-path-20/MultiSource/Benchmarks/MallocBench/perl/INPUT/words-large.awk","Filename":"words-large.awk","Value":69964,"Bytes":644217,"Lines":69964,"Code":69964,"Comment":0,"Blank":0,"Complexity":0,"Url":"https://github.com/apurtell/llvm-test-suite"},"ActionScript":{"Name":"","Location":"/tmp/scc-tmp-path-12/linked-list/as","Filename":"as","Value":1000000,"Bytes":6888890,"Lines":1000000,"Code":1000000,"Comment":0,"Blank":0,"Complexity":0,"Url":"https://github.com/tarzzz/ds"},"Ada":{"Name":"","Location":"/tmp/scc-tmp-path-31/hls/bmm_top/solution1/.autopilot/db/bmm_top.adb","Filename":"bmm_top.adb","Value":390275,"Bytes":12465829,"Lines":390275,"Code":390275,"Comment":0,"Blank":0,"Complexity":0,"Url":"https://github.com/raghup17/bmm"},"Agda":{"Name":"","Location":"/tmp/scc-tmp-path-3/Univalence/Obsolete/Pifextra.agda","Filename":"Pifextra.agda","Value":6483,"Bytes":262797,"Lines":6483,"Code":2883,"Comment":2892,"Blank":708,"Complexity":18,"Url":"https://github.com/zsparks/pi-dual"},"Alchemist":{"Name":"","Location":"/tmp/scc-tmp-path-23/TestInstall/crn/out.lmf-dos.crn","Filename":"out.lmf-dos.crn","Value":2388,"Bytes":120461,"Lines":2388,"Code":2166,"Comment":6,"Blank":216,"Complexity":8,"Url":"https://github.com/nim-hrkn/ecalj"},"Alex":{"Name":"","Location":"/tmp/scc-tmp-path-20/Cold Steel/Release/media/Models/Dalek.X","Filename":"Dalek.X","Value":2459209,"Bytes":58321141,"Lines":2459209,"Code":2459016,"Comment":0,"Blank":193,"Complexity":0,"Url":"https://bitbucket.com/brendenl92/coldest-steeliest"},"Alloy":{"Name":"","Location":"/tmp/scc-tmp-path-1/fajita/result/unroll_2/tacoOutput/output.als","Filename":"output.als","Value":12168,"Bytes":482462,"Lines":12168,"Code":11265,"Comment":61,"Blank":842,"Complexity":38,"Url":"https://github.com/epintos/fajita"},"Android Interface Definition Language":{"Name":"","Location":"/tmp/scc-tmp-path-24/telephony/java/com/android/internal/telephony/ITelephony.aidl","Filename":"ITelephony.aidl","Value":2005,"Bytes":73502,"Lines":2005,"Code":340,"Comment":1410,"Blank":255,"Complexity":0,"Url":"https://github.com/android/platform_frameworks_base"},"Arvo":{"Name":"","Location":"/tmp/scc-tmp-path-6/scheme/src/test/resources/cascading/avro/test-extra-large.avsc","Filename":"test-extra-large.avsc","Value":5378,"Bytes":130040,"Lines":5378,"Code":5378,"Comment":0,"Blank":0,"Complexity":0,"Url":"https://github.com/scaleunlimited/cascadingavro"},"AsciiDoc":{"Name":"","Location":"/tmp/scc-tmp-path-7/src/asciidoc/index.adoc","Filename":"index.adoc","Value":52627,"Bytes":1991739,"Lines":52627,"Code":41083,"Comment":0,"Blank":11544,"Complexity":0,"Url":"https://github.com/cafe008/spring-framework"},"Assembly":{"Name":"","Location":"/tmp/scc-tmp-path-29/MIPS/1-INST-JMP/J.s","Filename":"J.s","Value":8388608,"Bytes":89496910,"Lines":8388608,"Code":8388608,"Comment":0,"Blank":0,"Complexity":0,"Url":"https://github.com/bogwonch/thesis"},"AutoHotKey":{"Name":"","Location":"/tmp/scc-tmp-path-23/glext.ahk","Filename":"glext.ahk","Value":18036,"Bytes":507956,"Lines":18036,"Code":14638,"Comment":633,"Blank":2765,"Complexity":435,"Url":"https://github.com/tinku99/ahk-hello-gl-ch2"},"Autoconf":{"Name":"","Location":"/tmp/scc-tmp-path-27/082__compiler/testsrepo/04while/21-t2.in","Filename":"21-t2.in","Value":33526784,"Bytes":67053568,"Lines":33526784,"Code":33526784,"Comment":0,"Blank":0,"Complexity":0,"Url":"https://github.com/rubusch/usi-compilers"},"BASH":{"Name":"","Location":"/tmp/scc-tmp-path-8/test/tek/palmer-master-thesis.bash","Filename":"palmer-master-thesis.bash","Value":96911,"Bytes":7461570,"Lines":96911,"Code":96906,"Comment":2,"Blank":3,"Complexity":0,"Url":"https://github.com/palmer-dabbelt/tek"},"Basic":{"Name":"","Location":"/tmp/scc-tmp-path-1/test/macro/vba_streams/excel-vba-streams-#1.bas","Filename":"excel-vba-streams-#1.bas","Value":333707,"Bytes":9593820,"Lines":333707,"Code":307700,"Comment":3360,"Blank":22647,"Complexity":16,"Url":"https://github.com/jcorrius/go-oo-mingw32-soc"},"Batch":{"Name":"","Location":"/tmp/scc-tmp-path-11/EZhunter.cmd","Filename":"EZhunter.cmd","Value":119341,"Bytes":1498644,"Lines":119341,"Code":117408,"Comment":6,"Blank":1927,"Complexity":78,"Url":"https://github.com/malific/script-shop"},"Bazel":{"Name":"","Location":"/tmp/scc-tmp-path-23/tests/build_timeout/buildlogs/run1/matplotlib_1.3.1-1_amd64-20140427-1441.build","Filename":"matplotlib_1.3.1-1_amd64-20140427-1441.build","Value":149234,"Bytes":9228777,"Lines":149234,"Code":108395,"Comment":108,"Blank":40731,"Complexity":144,"Url":"https://github.com/nonas/debian-clang"},"Bitbake":{"Name":"","Location":"/tmp/scc-tmp-path-12/Examples/sys_net/io/bb","Filename":"bb","Value":100000,"Bytes":200000,"Lines":100000,"Code":100000,"Comment":0,"Blank":0,"Complexity":0,"Url":"https://github.com/kellyhou/clientserver"},"Bitbucket Pipeline":{"Name":"","Location":"/tmp/scc-tmp-path-4/bitbucket-pipelines.yml","Filename":"bitbucket-pipelines.yml","Value":181,"Bytes":5642,"Lines":181,"Code":140,"Comment":24,"Blank":17,"Complexity":0,"Url":"https://github.com/ghb24/neci_stable"},"Boo":{"Name":"","Location":"/tmp/scc-tmp-path-21/Aufgabe_1/3.out.tex","Filename":"3.out.tex","Value":1032145,"Bytes":42848716,"Lines":1032145,"Code":1032145,"Comment":0,"Blank":0,"Complexity":0,"Url":"https://github.com/ph111p/bwinf_2014_runde2"},"Bosque":{"Name":"","Location":"/tmp/scc-tmp-path-2/world-dem-5-arcmin/world_dem_5arcmin_geo.bsq/world_dem_5arcmin_geo.bsq","Filename":"world_dem_5arcmin_geo.bsq","Value":199238,"Bytes":18662400,"Lines":199238,"Code":199071,"Comment":0,"Blank":167,"Complexity":0,"Url":"https://github.com/jalbertbowden/world-data"},"Brainfuck":{"Name":"","Location":"/tmp/scc-tmp-path-0/FFBloomFilter/BF","Filename":"BF","Value":2097158,"Bytes":25165849,"Lines":2097158,"Code":2097158,"Comment":0,"Blank":0,"Complexity":6,"Url":"https://github.com/bletchley13/signature-based-malware-detection"},"BuildStream":{"Name":"","Location":"/tmp/scc-tmp-path-22/Final/Cites/Biometrics/biometrics.bst","Filename":"biometrics.bst","Value":7746,"Bytes":368686,"Lines":7746,"Code":7642,"Comment":15,"Blank":89,"Complexity":0,"Url":"https://github.com/mrzork/proyectomaestria"},"C":{"Name":"","Location":"/tmp/scc-tmp-path-26/Imp6/sourceFiles/CathDomainDescriptionFile.v3.5.c","Filename":"CathDomainDescriptionFile.v3.5.c","Value":5440052,"Bytes":218539312,"Lines":5440052,"Code":5299076,"Comment":140976,"Blank":0,"Complexity":920,"Url":"https://github.com/anumq/protein"},"C Header":{"Name":"","Location":"/tmp/scc-tmp-path-11/tracks/trk6data.h","Filename":"trk6data.h","Value":13025371,"Bytes":78152225,"Lines":13025371,"Code":13025371,"Comment":0,"Blank":0,"Complexity":0,"Url":"https://github.com/alinefr/netcat-cpi-kernel-module"},"C Shell":{"Name":"","Location":"/tmp/scc-tmp-path-30/trunk/data/plna.csh","Filename":"plna.csh","Value":8000,"Bytes":59942785,"Lines":8000,"Code":8000,"Comment":0,"Blank":0,"Complexity":0,"Url":"https://gitlab.com/bgcx262/zswi2010-svn-to-git"},"C#":{"Name":"","Location":"/tmp/scc-tmp-path-7/Form1.cs","Filename":"Form1.cs","Value":1140480,"Bytes":22923651,"Lines":1140480,"Code":1083456,"Comment":0,"Blank":57024,"Complexity":0,"Url":"https://github.com/sdanil/test"},"C++":{"Name":"","Location":"/tmp/scc-tmp-path-18/src/Int.cpp","Filename":"Int.cpp","Value":2900609,"Bytes":28384627,"Lines":2900609,"Code":2174080,"Comment":0,"Blank":726529,"Complexity":2,"Url":"https://github.com/arandur/prog3b"},"C++ Header":{"Name":"","Location":"/tmp/scc-tmp-path-15/include/qmlib/math/random/impl/primpoly_impl.hh","Filename":"primpoly_impl.hh","Value":8129599,"Bytes":77865098,"Lines":8129599,"Code":8129521,"Comment":49,"Blank":29,"Complexity":0,"Url":"https://github.com/algotrust/qmlib"},"CMake":{"Name":"","Location":"/tmp/scc-tmp-path-26/CMake/ListOfVistARoutines.cmake","Filename":"ListOfVistARoutines.cmake","Value":27550,"Bytes":332027,"Lines":27550,"Code":27364,"Comment":184,"Blank":2,"Complexity":0,"Url":"https://github.com/luisibanez/vista-debian-med-package"},"COBOL":{"Name":"","Location":"/tmp/scc-tmp-path-18/kei/cpy","Filename":"cpy","Value":358745,"Bytes":23572509,"Lines":358745,"Code":358745,"Comment":0,"Blank":0,"Complexity":0,"Url":"https://github.com/nesl/scpi-scripts"},"CSS":{"Name":"","Location":"/tmp/scc-tmp-path-11/web/css/7f116c3.css","Filename":"7f116c3.css","Value":1170216,"Bytes":20107782,"Lines":1170216,"Code":992390,"Comment":1134,"Blank":176692,"Complexity":0,"Url":"https://github.com/pligo/icantgo"},"CSV":{"Name":"","Location":"/tmp/scc-tmp-path-11/knowledgebases/ontology.csv","Filename":"ontology.csv","Value":31946031,"Bytes":690206196,"Lines":31946031,"Code":31946030,"Comment":0,"Blank":1,"Complexity":0,"Url":"https://github.com/allisonbmccoy/smart-summarization"},"Cabal":{"Name":"","Location":"/tmp/scc-tmp-path-6/smartword.cabal","Filename":"smartword.cabal","Value":3452,"Bytes":66166,"Lines":3452,"Code":3444,"Comment":0,"Blank":8,"Complexity":4,"Url":"https://github.com/keqh-remote/cabals-mirror"},"Cargo Lock":{"Name":"","Location":"/tmp/scc-tmp-path-17/Cargo.lock","Filename":"Cargo.lock","Value":6202,"Bytes":289000,"Lines":6202,"Code":5660,"Comment":2,"Blank":540,"Complexity":0,"Url":"https://github.com/mozilla/servo"},"Cassius":{"Name":"","Location":"/tmp/scc-tmp-path-27/cassius/default-layout.cassius","Filename":"default-layout.cassius","Value":313,"Bytes":5768,"Lines":313,"Code":276,"Comment":0,"Blank":37,"Complexity":0,"Url":"https://github.com/nubis/haskellers"},"Ceylon":{"Name":"","Location":"/tmp/scc-tmp-path-4/source/ceylon/ast/redhat/RedHatTransformer.ceylon","Filename":"RedHatTransformer.ceylon","Value":3907,"Bytes":166229,"Lines":3907,"Code":3538,"Comment":23,"Blank":346,"Complexity":268,"Url":"https://github.com/ceylon/ceylonast"},"Clojure":{"Name":"","Location":"/tmp/scc-tmp-path-0/raw-data.clj","Filename":"raw-data.clj","Value":694202,"Bytes":76901922,"Lines":694202,"Code":694202,"Comment":0,"Blank":0,"Complexity":29950,"Url":"https://github.com/candera/cs-atom"},"ClojureScript":{"Name":"","Location":"/tmp/scc-tmp-path-24/src/painful_clojurescript_compilation/core.cljs","Filename":"core.cljs","Value":31013,"Bytes":1548994,"Lines":31013,"Code":30969,"Comment":2,"Blank":42,"Complexity":0,"Url":"https://github.com/timvisher/painful-clojurescript-compilation"},"Closure Template":{"Name":"","Location":"/tmp/scc-tmp-path-22/docs/files-and-dirs/buckconfig.soy","Filename":"buckconfig.soy","Value":5189,"Bytes":173208,"Lines":5189,"Code":2014,"Comment":2915,"Blank":260,"Complexity":89,"Url":"https://github.com/facebook/buck"},"CoffeeScript":{"Name":"","Location":"/tmp/scc-tmp-path-10/js/dictionary.coffee","Filename":"dictionary.coffee","Value":271378,"Bytes":3017635,"Lines":271378,"Code":271378,"Comment":0,"Blank":0,"Complexity":5,"Url":"https://github.com/cherifya/letterpresser"},"ColdFusion":{"Name":"","Location":"/tmp/scc-tmp-path-19/web/bnia/data/spreadsheet2009Q1.cfm","Filename":"spreadsheet2009Q1.cfm","Value":27974,"Bytes":261917,"Lines":27974,"Code":24713,"Comment":0,"Blank":3261,"Complexity":0,"Url":"https://github.com/llimllib/personal_code"},"ColdFusion CFScript":{"Name":"","Location":"/tmp/scc-tmp-path-31/collectmed1.0/CustomTags/com/common/db/IntakeHCPCIO.cfc","Filename":"IntakeHCPCIO.cfc","Value":17606,"Bytes":970800,"Lines":17606,"Code":12877,"Comment":0,"Blank":4729,"Complexity":338,"Url":"https://github.com/mfgglobalsolutions/collectmed"},"Coq":{"Name":"","Location":"/tmp/scc-tmp-path-13/REINS/CompiledDFAs.v","Filename":"CompiledDFAs.v","Value":873354,"Bytes":55121186,"Lines":873354,"Code":873320,"Comment":25,"Blank":9,"Complexity":0,"Url":"https://bitbucket.com/mpettersson/reinsverifier"},"Creole":{"Name":"","Location":"/tmp/scc-tmp-path-27/MariaDB_Manager_Monitors.creole","Filename":"MariaDB_Manager_Monitors.creole","Value":3855,"Bytes":87913,"Lines":3855,"Code":2996,"Comment":0,"Blank":859,"Complexity":0,"Url":"https://github.com/bsmr-mariadb/mariadb-manager-monitor"},"Crystal":{"Name":"","Location":"/tmp/scc-tmp-path-29/tutorials/combustion/PDRFoam/flamePropagationWithObstacles/0/CR","Filename":"CR","Value":8084,"Bytes":151564,"Lines":8084,"Code":8079,"Comment":0,"Blank":5,"Complexity":0,"Url":"https://github.com/000861/openfoam-21x"},"Cython":{"Name":"","Location":"/tmp/scc-tmp-path-7/391_Project/CALC/CALC.pex.netlist.CALC.pxi","Filename":"CALC.pex.netlist.CALC.pxi","Value":50283,"Bytes":3026774,"Lines":50283,"Code":50283,"Comment":0,"Blank":0,"Complexity":0,"Url":"https://github.com/szeng2013/eecs392"},"D":{"Name":"","Location":"/tmp/scc-tmp-path-28/D","Filename":"D","Value":883308,"Bytes":6815988,"Lines":883308,"Code":883308,"Comment":0,"Blank":0,"Complexity":0,"Url":"https://github.com/khalefa/dataset"},"Dart":{"Name":"","Location":"/tmp/scc-tmp-path-23/source/surnames_list.dart","Filename":"surnames_list.dart","Value":153144,"Bytes":2555213,"Lines":153144,"Code":153143,"Comment":0,"Blank":1,"Complexity":0,"Url":"https://github.com/mattliberty/wordgen"},"Device Tree":{"Name":"","Location":"/tmp/scc-tmp-path-19/arch/arm64/boot/dts/tegra132-flounder-emc.dtsi","Filename":"tegra132-flounder-emc.dtsi","Value":11893,"Bytes":211556,"Lines":11893,"Code":11874,"Comment":17,"Blank":2,"Complexity":0,"Url":"https://gitlab.com/mac/android_kernel_htc_flounder"},"Dhall":{"Name":"","Location":"/tmp/scc-tmp-path-22/samples/Dhall/largeExpressionA.dhall","Filename":"largeExpressionA.dhall","Value":254,"Bytes":10336,"Lines":254,"Code":254,"Comment":0,"Blank":0,"Complexity":0,"Url":"https://github.com/github/linguist"},"Docker ignore":{"Name":"","Location":"/tmp/scc-tmp-path-23/.dockerignore","Filename":".dockerignore","Value":311,"Bytes":5030,"Lines":311,"Code":142,"Comment":92,"Blank":77,"Complexity":0,"Url":"https://github.com/ahbeng/nusmods"},"Dockerfile":{"Name":"","Location":"/tmp/scc-tmp-path-8/docker/backwards-compat/Dockerfile","Filename":"Dockerfile","Value":1187,"Bytes":20051,"Lines":1187,"Code":1178,"Comment":1,"Blank":8,"Complexity":8,"Url":"https://github.com/iplantcollaborativeopensource/discoveryenvironmentbackend"},"Document Type Definition":{"Name":"","Location":"/tmp/scc-tmp-path-13/dita/dtd/bookmap/dtd/bookmap.dtd","Filename":"bookmap.dtd","Value":32815,"Bytes":1117975,"Lines":32815,"Code":31202,"Comment":0,"Blank":1613,"Complexity":0,"Url":"https://github.com/braunoeder/yesodcms"},"Elixir":{"Name":"","Location":"/tmp/scc-tmp-path-5/h1-p/gene.train.with.rare.ex","Filename":"gene.train.with.rare.ex","Value":399995,"Bytes":3178192,"Lines":399995,"Code":393294,"Comment":0,"Blank":6701,"Complexity":1244,"Url":"https://github.com/lulance/courseranlangp"},"Elm":{"Name":"","Location":"/tmp/scc-tmp-path-15/project1/data/viewpoint/57chevy.elm","Filename":"57chevy.elm","Value":14968,"Bytes":427751,"Lines":14968,"Code":14968,"Comment":0,"Blank":0,"Complexity":0,"Url":"https://github.com/frankyn/csgraphics-fall13"},"Emacs Dev Env":{"Name":"","Location":"/tmp/scc-tmp-path-6/info/ede","Filename":"ede","Value":3400,"Bytes":112074,"Lines":3400,"Code":2370,"Comment":3,"Blank":1027,"Complexity":209,"Url":"https://github.com/a3090103838/emacs-24-mac"},"Emacs Lisp":{"Name":"","Location":"/tmp/scc-tmp-path-24/util/ubermacros.el","Filename":"ubermacros.el","Value":195861,"Bytes":25394049,"Lines":195861,"Code":195858,"Comment":2,"Blank":1,"Complexity":67,"Url":"https://github.com/cmungall/uberon"},"Erlang":{"Name":"","Location":"/tmp/scc-tmp-path-25/com.siteview.kernel.core/modules/nnsdh/sdh_analogue_data.erl","Filename":"sdh_analogue_data.erl","Value":473924,"Bytes":23910042,"Lines":473924,"Code":469526,"Comment":0,"Blank":4398,"Complexity":0,"Url":"https://github.com/siteview/erlide"},"Expect":{"Name":"","Location":"/tmp/scc-tmp-path-24/Argonne_Hourly_Data/Argonne_hourly_dewpoint.exp","Filename":"Argonne_hourly_dewpoint.exp","Value":552269,"Bytes":14358943,"Lines":552269,"Code":552269,"Comment":0,"Blank":0,"Complexity":0,"Url":"https://github.com/jalwes/30_year_average"},"Extensible Stylesheet Language Transformations":{"Name":"","Location":"/tmp/scc-tmp-path-9/templates/green_ccd.xslt","Filename":"green_ccd.xslt","Value":37247,"Bytes":1817759,"Lines":37247,"Code":37245,"Comment":0,"Blank":2,"Complexity":0,"Url":"https://github.com/cmps290t/cmps290t"},"F#":{"Name":"","Location":"/tmp/scc-tmp-path-31/examples/USER/misc/momb/Ag_O1X5.5_O2X0.55.eam.fs","Filename":"Ag_O1X5.5_O2X0.55.eam.fs","Value":180008,"Bytes":4680706,"Lines":180008,"Code":180008,"Comment":0,"Blank":0,"Complexity":0,"Url":"https://bitbucket.com/akohlmey/lammps"},"F*":{"Name":"","Location":"/tmp/scc-tmp-path-6/Pan_troglodytes_monomers.fst","Filename":"Pan_troglodytes_monomers.fst","Value":1739878,"Bytes":87411094,"Lines":1739878,"Code":1739878,"Comment":0,"Blank":0,"Complexity":0,"Url":"https://gitlab.com/projet_alphasat/projet_alphasat"},"FIDL":{"Name":"","Location":"/tmp/scc-tmp-path-5/docs/amb.in.fidl","Filename":"amb.in.fidl","Value":1502,"Bytes":40651,"Lines":1502,"Code":531,"Comment":686,"Blank":285,"Complexity":0,"Url":"https://github.com/otcshare/automotive-message-broker"},"FORTRAN Legacy":{"Name":"","Location":"/tmp/scc-tmp-path-28/Code/SVM/resultsX/f","Filename":"f","Value":313599,"Bytes":705998,"Lines":313599,"Code":313599,"Comment":0,"Blank":0,"Complexity":0,"Url":"https://github.com/yinyanghu/dmar"},"FORTRAN Modern":{"Name":"","Location":"/tmp/scc-tmp-path-18/slatec/slatec.f90","Filename":"slatec.f90","Value":298677,"Bytes":10388406,"Lines":298677,"Code":128657,"Comment":169817,"Blank":203,"Complexity":23206,"Url":"https://github.com/johannesgerer/jburkardt-f"},"Fish":{"Name":"","Location":"/tmp/scc-tmp-path-6/functions/Godsay.fish","Filename":"Godsay.fish","Value":31112,"Bytes":4521571,"Lines":31112,"Code":7,"Comment":31103,"Blank":2,"Complexity":1,"Url":"https://gitlab.com/mitzip/fish-config"},"Flow9":{"Name":"","Location":"/tmp/scc-tmp-path-17/cs758/asst-11/graph2.flow","Filename":"graph2.flow","Value":9902,"Bytes":78293,"Lines":9902,"Code":9902,"Comment":0,"Blank":0,"Complexity":0,"Url":"https://github.com/hitchiker42/my-code"},"Forth":{"Name":"","Location":"/tmp/scc-tmp-path-16/data/corpus/europarl.tok.fr","Filename":"europarl.tok.fr","Value":1288074,"Bytes":237781843,"Lines":1288074,"Code":1276280,"Comment":9090,"Blank":2704,"Complexity":156,"Url":"https://github.com/mar-one/machine-trans-shared-task"},"Fragment Shader File":{"Name":"","Location":"/tmp/scc-tmp-path-21/Simplex/ms812_bseqoslabel_l.fsh","Filename":"ms812_bseqoslabel_l.fsh","Value":6269,"Bytes":299804,"Lines":6269,"Code":6269,"Comment":0,"Blank":0,"Complexity":0,"Url":"https://github.com/jcamposr/wis20"},"Freemarker Template":{"Name":"","Location":"/tmp/scc-tmp-path-17/src/main/resources/apps/simpleportal/htmlmail/designed.eml.ftl","Filename":"designed.eml.ftl","Value":52160,"Bytes":3951567,"Lines":52160,"Code":51979,"Comment":0,"Blank":181,"Complexity":0,"Url":"https://github.com/livesense/orglivesensesamplesimpleportal"},"Futhark":{"Name":"","Location":"/tmp/scc-tmp-path-29/futlib/math.fut","Filename":"math.fut","Value":990,"Bytes":33391,"Lines":990,"Code":732,"Comment":30,"Blank":228,"Complexity":86,"Url":"https://github.com/hiperfit/futhark"},"GDScript":{"Name":"","Location":"/tmp/scc-tmp-path-18/giaoduc.net.vn/Xa-hoi/Chum-anh-Phat-hien-chan-dong-tai-chua-Dam-Bac-Ninh/72906.gd","Filename":"72906.gd","Value":178628,"Bytes":3151831,"Lines":178628,"Code":178331,"Comment":0,"Blank":297,"Complexity":14,"Url":"https://github.com/hugo53/vinearts"},"GLSL":{"Name":"","Location":"/tmp/scc-tmp-path-29/test/n-body-methods/gem/capsid.vert","Filename":"capsid.vert","Value":593618,"Bytes":47489317,"Lines":593618,"Code":593618,"Comment":0,"Blank":0,"Complexity":1,"Url":"https://github.com/aminems/opendwarfs"},"GN":{"Name":"","Location":"/tmp/scc-tmp-path-18/BUILD.gn","Filename":"BUILD.gn","Value":4653,"Bytes":146893,"Lines":4653,"Code":3965,"Comment":252,"Blank":436,"Complexity":458,"Url":"https://github.com/v8/v8"},"Game Maker Language":{"Name":"","Location":"/tmp/scc-tmp-path-9/lgEvans/lg.gml","Filename":"lg.gml","Value":13302632,"Bytes":152844710,"Lines":13302632,"Code":13302632,"Comment":0,"Blank":0,"Complexity":0,"Url":"https://github.com/shajain/i590project"},"Game Maker Project":{"Name":"","Location":"/tmp/scc-tmp-path-20/LD40/LudumDare.yyp","Filename":"LudumDare.yyp","Value":2679,"Bytes":102189,"Lines":2679,"Code":2677,"Comment":0,"Blank":2,"Complexity":0,"Url":"https://github.com/kgs0142/ludum-dare"},"Gherkin Specification":{"Name":"","Location":"/tmp/scc-tmp-path-16/data/raw/8/feature","Filename":"feature","Value":175229,"Bytes":11742101,"Lines":175229,"Code":175229,"Comment":0,"Blank":0,"Complexity":0,"Url":"https://github.com/czlyc/2c-web-research"},"Go":{"Name":"","Location":"/tmp/scc-tmp-path-4/smoke_info/info.go","Filename":"info.go","Value":559236,"Bytes":7598645,"Lines":559236,"Code":559233,"Comment":0,"Blank":3,"Complexity":0,"Url":"https://github.com/reusee/go-qt"},"Go Template":{"Name":"","Location":"/tmp/scc-tmp-path-13/data/html-template.tmpl","Filename":"html-template.tmpl","Value":19016,"Bytes":566880,"Lines":19016,"Code":19012,"Comment":0,"Blank":4,"Complexity":0,"Url":"https://github.com/jtimothyking/perl6-bench"},"Gradle":{"Name":"","Location":"/tmp/scc-tmp-path-11/gradle/dependencies.gradle","Filename":"dependencies.gradle","Value":3612,"Bytes":241384,"Lines":3612,"Code":3607,"Comment":0,"Blank":5,"Complexity":0,"Url":"https://github.com/jasig/cas"},"Groovy":{"Name":"","Location":"/tmp/scc-tmp-path-16/tags/groovy","Filename":"groovy","Value":100297,"Bytes":16479667,"Lines":100297,"Code":1312,"Comment":98985,"Blank":0,"Complexity":4,"Url":"https://bitbucket.com/nfredricks/vim-files"},"HEX":{"Name":"","Location":"/tmp/scc-tmp-path-22/roms/bin/combine.hex","Filename":"combine.hex","Value":4194304,"Bytes":20971520,"Lines":4194304,"Code":4194304,"Comment":0,"Blank":0,"Complexity":0,"Url":"https://bitbucket.com/bcforres/18545"},"HTML":{"Name":"","Location":"/tmp/scc-tmp-path-25/yo.html","Filename":"yo.html","Value":54596752,"Bytes":663973891,"Lines":54596752,"Code":50332467,"Comment":0,"Blank":4264285,"Complexity":0,"Url":"https://github.com/vanbug/codes"},"Hamlet":{"Name":"","Location":"/tmp/scc-tmp-path-3/weenix/user/hamlet","Filename":"hamlet","Value":7882,"Bytes":194271,"Lines":7882,"Code":5380,"Comment":0,"Blank":2502,"Complexity":239,"Url":"https://github.com/aliced3645/os"},"Handlebars":{"Name":"","Location":"/tmp/scc-tmp-path-20/test/expected/shopify-narrative/assets/theme.scss.hbs","Filename":"theme.scss.hbs","Value":8259,"Bytes":152122,"Lines":8259,"Code":7899,"Comment":0,"Blank":360,"Complexity":25,"Url":"https://github.com/jonschlinkert/liquid-to-handlebars"},"Happy":{"Name":"","Location":"/tmp/scc-tmp-path-22/y","Filename":"y","Value":624673,"Bytes":39066164,"Lines":624673,"Code":624663,"Comment":0,"Blank":10,"Complexity":0,"Url":"https://github.com/symbolicpower/perceptrondict"},"Haskell":{"Name":"","Location":"/tmp/scc-tmp-path-0/Excel.hs","Filename":"Excel.hs","Value":173039,"Bytes":4044804,"Lines":173039,"Code":150076,"Comment":3005,"Blank":19958,"Complexity":204,"Url":"https://github.com/jjinkou2/agentcom"},"Haxe":{"Name":"","Location":"/tmp/scc-tmp-path-1/FFmpeg-iOS-Encoder-master/hahah/ffmpeg-iOS/yasm-1.1.0/results/elf-x86id.hx","Filename":"elf-x86id.hx","Value":145800,"Bytes":583200,"Lines":145800,"Code":145800,"Comment":0,"Blank":0,"Complexity":0,"Url":"https://github.com/ivideo/easytake"},"IDL":{"Name":"","Location":"/tmp/scc-tmp-path-2/data/all-idls.idl","Filename":"all-idls.idl","Value":129435,"Bytes":5132783,"Lines":129435,"Code":26046,"Comment":91771,"Blank":11618,"Complexity":39,"Url":"https://github.com/brownplt/strobe"},"Idris":{"Name":"","Location":"/tmp/scc-tmp-path-24/Provers/ring_reduce.idr","Filename":"ring_reduce.idr","Value":2434,"Bytes":105518,"Lines":2434,"Code":1784,"Comment":378,"Blank":272,"Complexity":0,"Url":"https://github.com/francks/ringidris"},"Intel HEX":{"Name":"","Location":"/tmp/scc-tmp-path-10/firmware/imx/epdc_ED060SCE.fw.ihex","Filename":"epdc_ED060SCE.fw.ihex","Value":253836,"Bytes":11420834,"Lines":253836,"Code":253836,"Comment":0,"Blank":0,"Complexity":0,"Url":"https://github.com/giorgio130/linux-2635-kobo-multitouch"},"Isabelle":{"Name":"","Location":"/tmp/scc-tmp-path-28/experiments/effect_of_reuse_and_minimization/output_FN/WooLam_cert_auto.thy","Filename":"WooLam_cert_auto.thy","Value":22312,"Bytes":1343764,"Lines":22312,"Code":22291,"Comment":0,"Blank":21,"Complexity":0,"Url":"https://github.com/jshs/scyther-proof"},"JAI":{"Name":"","Location":"/tmp/scc-tmp-path-8/lightcrafts/resources/com/lightcrafts/mediax/jai/LCregistryFile.jai","Filename":"LCregistryFile.jai","Value":489,"Bytes":36828,"Lines":489,"Code":477,"Comment":0,"Blank":12,"Complexity":7,"Url":"https://github.com/andy-hay/lightzone"},"JSON":{"Name":"","Location":"/tmp/scc-tmp-path-2/formatted_data/douglasCountyVoterRegistration.json","Filename":"douglasCountyVoterRegistration.json","Value":21104668,"Bytes":670656595,"Lines":21104668,"Code":21104667,"Comment":0,"Blank":1,"Complexity":0,"Url":"https://github.com/nicknisi/safeomaha-data"},"JSONL":{"Name":"","Location":"/tmp/scc-tmp-path-17/NLP-TextEntailment/data/train.jsonl","Filename":"train.jsonl","Value":10000,"Bytes":7079158,"Lines":10000,"Code":10000,"Comment":0,"Blank":0,"Complexity":0,"Url":"https://github.com/aneeshmg/python"},"JSX":{"Name":"","Location":"/tmp/scc-tmp-path-13/scripts/AEscript.jsx","Filename":"AEscript.jsx","Value":65108,"Bytes":3296858,"Lines":65108,"Code":63950,"Comment":2,"Blank":1156,"Complexity":1,"Url":"https://github.com/imclab/drawgrid"},"Jade":{"Name":"","Location":"/tmp/scc-tmp-path-13/views/basic/images/icons/fugue.jade","Filename":"fugue.jade","Value":10711,"Bytes":315170,"Lines":10711,"Code":10711,"Comment":0,"Blank":0,"Complexity":0,"Url":"https://github.com/ernesto-licea/basictheme"},"Janet":{"Name":"","Location":"/tmp/scc-tmp-path-31/player/Janet","Filename":"Janet","Value":1158,"Bytes":11208,"Lines":1158,"Code":957,"Comment":101,"Blank":100,"Complexity":0,"Url":"https://github.com/bianary/moosehead"},"Java":{"Name":"","Location":"/tmp/scc-tmp-path-17/test/Monster.java","Filename":"Monster.java","Value":1000019,"Bytes":17000175,"Lines":1000019,"Code":1000016,"Comment":0,"Blank":3,"Complexity":0,"Url":"https://github.com/castlely/compiler_tiger_lab1"},"JavaScript":{"Name":"","Location":"/tmp/scc-tmp-path-19/app/assets/three/mirus.js","Filename":"mirus.js","Value":22023354,"Bytes":375089434,"Lines":22023354,"Code":22023354,"Comment":0,"Blank":0,"Complexity":0,"Url":"https://bitbucket.com/eternum/rails-facebook-webgl"},"JavaServer Pages":{"Name":"","Location":"/tmp/scc-tmp-path-4/tests/org.eclipse.jst.jsp.ui.tests.performance/data/1MB.jsp","Filename":"1MB.jsp","Value":36007,"Bytes":1010028,"Lines":36007,"Code":33006,"Comment":0,"Blank":3001,"Complexity":1000,"Url":"https://github.com/julien1990/wtp-sourceediting"},"Jenkins Buildfile":{"Name":"","Location":"/tmp/scc-tmp-path-15/scripts/jenkins/Jenkinsfile","Filename":"Jenkinsfile","Value":1559,"Bytes":44391,"Lines":1559,"Code":1416,"Comment":0,"Blank":143,"Complexity":0,"Url":"https://github.com/elektrainitiative/libelektra"},"Jinja":{"Name":"","Location":"/tmp/scc-tmp-path-1/jinja2","Filename":"jinja2","Value":76040,"Bytes":5990836,"Lines":76040,"Code":76030,"Comment":0,"Blank":10,"Complexity":0,"Url":"https://github.com/truebluedata/chakravyuhaiiitd"},"Julia":{"Name":"","Location":"/tmp/scc-tmp-path-24/src/julia/*IJulia 0*.jl","Filename":"*IJulia 0*.jl","Value":221058,"Bytes":3201775,"Lines":221058,"Code":220279,"Comment":15,"Blank":764,"Complexity":92,"Url":"https://github.com/carljv/bayescomp"},"Julius":{"Name":"","Location":"/tmp/scc-tmp-path-13/monaba/templates/default-layout.julius","Filename":"default-layout.julius","Value":2454,"Bytes":98984,"Lines":2454,"Code":2174,"Comment":144,"Blank":136,"Complexity":436,"Url":"https://github.com/ahushh/monaba"},"Jupyter":{"Name":"","Location":"/tmp/scc-tmp-path-8/RADD/RADD/Proactive/ProHDDM/X/ReHDDM - AllGo sxFits-Copy0.ipynb","Filename":"ReHDDM - AllGo sxFits-Copy0.ipynb","Value":1780197,"Bytes":45977840,"Lines":1780197,"Code":1780197,"Comment":0,"Blank":0,"Complexity":0,"Url":"https://github.com/dunovank/pynb"},"Just":{"Name":"","Location":"/tmp/scc-tmp-path-7/api/graphql/Justfile","Filename":"Justfile","Value":95,"Bytes":2276,"Lines":95,"Code":31,"Comment":46,"Blank":18,"Complexity":0,"Url":"https://github.com/sporto/kic"},"Korn Shell":{"Name":"","Location":"/tmp/scc-tmp-path-15/community/lists/devel/attachments/20090617/3f35b1fc/attachment-0002.ksh","Filename":"attachment-0002.ksh","Value":58298,"Bytes":2077975,"Lines":58298,"Code":57549,"Comment":576,"Blank":173,"Complexity":929,"Url":"https://github.com/ggouaillardet/ompi-www"},"Kotlin":{"Name":"","Location":"/tmp/scc-tmp-path-3/libraries/stdlib/common/src/generated/_Arrays.kt","Filename":"_Arrays.kt","Value":14396,"Bytes":477740,"Lines":14396,"Code":7192,"Comment":5887,"Blank":1317,"Complexity":1618,"Url":"https://github.com/jetbrains/kotlin"},"LD Script":{"Name":"","Location":"/tmp/scc-tmp-path-20/misc/ldscripts/patmos/prep/kernel_partitions.lds","Filename":"kernel_partitions.lds","Value":127187,"Bytes":1399083,"Lines":127187,"Code":127186,"Comment":0,"Blank":1,"Complexity":0,"Url":"https://github.com/t-crest/ospat"},"LESS":{"Name":"","Location":"/tmp/scc-tmp-path-9/less","Filename":"less","Value":1930356,"Bytes":23568384,"Lines":1930356,"Code":1930356,"Comment":0,"Blank":0,"Complexity":0,"Url":"https://github.com/er2/euler"},"LEX":{"Name":"","Location":"/tmp/scc-tmp-path-2/gtk/l","Filename":"l","Value":39743785,"Bytes":198839315,"Lines":39743785,"Code":39743785,"Comment":0,"Blank":0,"Complexity":0,"Url":"https://github.com/phoenixiizero/snes9x-3d"},"LOLCODE":{"Name":"","Location":"/tmp/scc-tmp-path-9/src/fsort/lol","Filename":"lol","Value":67520,"Bytes":1018637,"Lines":67520,"Code":67520,"Comment":0,"Blank":0,"Complexity":0,"Url":"https://github.com/eldog/fface"},"LaTeX":{"Name":"","Location":"/tmp/scc-tmp-path-2/file/tex","Filename":"tex","Value":8316556,"Bytes":182964224,"Lines":8316556,"Code":8316556,"Comment":0,"Blank":0,"Complexity":0,"Url":"https://github.com/zbhappy/c"},"Lean":{"Name":"","Location":"/tmp/scc-tmp-path-3/library/init/meta/interactive.lean","Filename":"interactive.lean","Value":1664,"Bytes":68266,"Lines":1664,"Code":898,"Comment":568,"Blank":198,"Complexity":51,"Url":"https://github.com/leanprover/lean"},"License":{"Name":"","Location":"/tmp/scc-tmp-path-9/copyright","Filename":"copyright","Value":37205,"Bytes":2077124,"Lines":37205,"Code":37007,"Comment":0,"Blank":198,"Complexity":0,"Url":"https://github.com/xnox/android"},"Lisp":{"Name":"","Location":"/tmp/scc-tmp-path-10/corpora/lin_thesaurus/simN.lsp","Filename":"simN.lsp","Value":7233972,"Bytes":156179291,"Lines":7233972,"Code":7233972,"Comment":0,"Blank":0,"Complexity":4994,"Url":"https://github.com/ayoub-89/nltk_data"},"Lua":{"Name":"","Location":"/tmp/scc-tmp-path-0/Content/Scenes/giant/giant.lua","Filename":"giant.lua","Value":5055019,"Bytes":63681125,"Lines":5055019,"Code":4332582,"Comment":0,"Blank":722437,"Complexity":0,"Url":"https://github.com/nan0meter/helix"},"Lucius":{"Name":"","Location":"/tmp/scc-tmp-path-14/templates/bootstrap.lucius","Filename":"bootstrap.lucius","Value":3992,"Bytes":92639,"Lines":3992,"Code":3574,"Comment":404,"Blank":14,"Complexity":0,"Url":"https://github.com/dsmatter/timetracker"},"Luna":{"Name":"","Location":"/tmp/scc-tmp-path-30/stdlib/Std/src/Base.luna","Filename":"Base.luna","Value":3731,"Bytes":107360,"Lines":3731,"Code":846,"Comment":2542,"Blank":343,"Complexity":0,"Url":"https://github.com/luna/luna"},"MQL Header":{"Name":"","Location":"/tmp/scc-tmp-path-14/IncGUI.mqh","Filename":"IncGUI.mqh","Value":3544,"Bytes":171885,"Lines":3544,"Code":777,"Comment":2352,"Blank":415,"Complexity":27,"Url":"https://github.com/ro31337/romanpushkin-dailygrid"},"MQL4":{"Name":"","Location":"/tmp/scc-tmp-path-26/PhD Appsolute System.mq4","Filename":"PhD Appsolute System.mq4","Value":11280,"Bytes":433413,"Lines":11280,"Code":6193,"Comment":2061,"Blank":3026,"Complexity":2738,"Url":"https://github.com/lvcster/java-examples"},"MQL5":{"Name":"","Location":"/tmp/scc-tmp-path-5/MQL5/Experts/Commercial/DTS1-Build_814.1_B-test~.mq5","Filename":"DTS1-Build_814.1_B-test~.mq5","Value":2210,"Bytes":88766,"Lines":2210,"Code":1911,"Comment":189,"Blank":110,"Complexity":1186,"Url":"https://github.com/dennislwm/mlea"},"MSBuild":{"Name":"","Location":"/tmp/scc-tmp-path-27/corpus/train.props","Filename":"train.props","Value":989860,"Bytes":56633928,"Lines":989860,"Code":950028,"Comment":0,"Blank":39832,"Complexity":43,"Url":"https://github.com/chrisleewashere/swirl-osx"},"MUMPS":{"Name":"","Location":"/tmp/scc-tmp-path-2/spec2006/450.soplex/ref.mps","Filename":"ref.mps","Value":4709289,"Bytes":279806289,"Lines":4709289,"Code":4709289,"Comment":0,"Blank":0,"Complexity":0,"Url":"https://bitbucket.com/dzhang50/gpm"},"Macromedia eXtensible Markup Language":{"Name":"","Location":"/tmp/scc-tmp-path-25/Flex4PerformanceTest/src/StaticFlex4PerformanceTest20000.mxml","Filename":"StaticFlex4PerformanceTest20000.mxml","Value":399821,"Bytes":7136739,"Lines":399821,"Code":200012,"Comment":0,"Blank":199809,"Complexity":0,"Url":"https://bitbucket.com/jackcviers/flex-3-flex-4-performance-test"},"Madlang":{"Name":"","Location":"/tmp/scc-tmp-path-31/madgraph/madgraph_binaries/vendor/StdHEP/example/evgg.mad","Filename":"evgg.mad","Value":19416,"Bytes":1458158,"Lines":19416,"Code":19416,"Comment":0,"Blank":0,"Complexity":0,"Url":"https://github.com/cesarotti/dark-photons"},"Makefile":{"Name":"","Location":"/tmp/scc-tmp-path-16/qt-everywhere-opensource-src-4.6.2/src/3rdparty/webkit/WebCore/Makefile","Filename":"Makefile","Value":462433,"Bytes":18230268,"Lines":462433,"Code":460740,"Comment":16,"Blank":1677,"Complexity":19,"Url":"https://github.com/kssanath/ece497"},"Mako":{"Name":"","Location":"/tmp/scc-tmp-path-13/report/verificaciones.mako","Filename":"verificaciones.mako","Value":7306,"Bytes":208537,"Lines":7306,"Code":7305,"Comment":0,"Blank":1,"Complexity":36,"Url":"https://github.com/daniel2101/verificaciones"},"Markdown":{"Name":"","Location":"/tmp/scc-tmp-path-0/subject/data/eng/eukaryota.md","Filename":"eukaryota.md","Value":1432161,"Bytes":38976626,"Lines":1432161,"Code":954775,"Comment":0,"Blank":477386,"Complexity":0,"Url":"https://github.com/subjectraw/subjectraw"},"Meson":{"Name":"","Location":"/tmp/scc-tmp-path-6/meson.build","Filename":"meson.build","Value":3264,"Bytes":130647,"Lines":3264,"Code":2955,"Comment":54,"Blank":255,"Complexity":197,"Url":"https://github.com/keruspe/systemd"},"Modula3":{"Name":"","Location":"/tmp/scc-tmp-path-8/tests/m3/tpch22.m3","Filename":"tpch22.m3","Value":120185,"Bytes":6470073,"Lines":120185,"Code":119970,"Comment":0,"Blank":215,"Complexity":5182,"Url":"https://github.com/damsl/k3-mosaic"},"Module-Definition":{"Name":"","Location":"/tmp/scc-tmp-path-24/lib/mecab-naist-jdic/matrix.def","Filename":"matrix.def","Value":1948817,"Bytes":25318736,"Lines":1948817,"Code":1948817,"Comment":0,"Blank":0,"Complexity":0,"Url":"https://github.com/fukayatsu/kani_acid"},"Monkey C":{"Name":"","Location":"/tmp/scc-tmp-path-21/hklgen/LFO/M3/LFO_BT1-point.mc","Filename":"LFO_BT1-point.mc","Value":120881,"Bytes":27439809,"Lines":120881,"Code":120881,"Comment":0,"Blank":0,"Complexity":0,"Url":"https://github.com/jlesniewski/pycrysfml"},"Mustache":{"Name":"","Location":"/tmp/scc-tmp-path-31/demos/src/huge.mustache","Filename":"huge.mustache","Value":13313,"Bytes":664559,"Lines":13313,"Code":13310,"Comment":0,"Blank":3,"Complexity":1,"Url":"https://github.com/financial-times/o-table"},"Nim":{"Name":"","Location":"/tmp/scc-tmp-path-1/lib/windows/windows.nim","Filename":"windows.nim","Value":23949,"Bytes":1039488,"Lines":23949,"Code":21988,"Comment":892,"Blank":1069,"Complexity":4,"Url":"https://github.com/renox/nimrod"},"Nix":{"Name":"","Location":"/tmp/scc-tmp-path-16/pkgs/development/haskell-modules/hackage-packages.nix","Filename":"hackage-packages.nix","Value":259940,"Bytes":9893559,"Lines":259940,"Code":245597,"Comment":1,"Blank":14342,"Complexity":2,"Url":"https://github.com/edolstra/nixpkgs"},"OCaml":{"Name":"","Location":"/tmp/scc-tmp-path-26/thys/Flyspeck-Tame/Archives/Pent.ML","Filename":"Pent.ML","Value":312749,"Bytes":4003847,"Lines":312749,"Code":296670,"Comment":0,"Blank":16079,"Complexity":0,"Url":"https://github.com/merelyapseudonym/afp"},"Objective C":{"Name":"","Location":"/tmp/scc-tmp-path-2/imports/fast/fast-matlab-src-2.1/faster.m","Filename":"faster.m","Value":1913966,"Bytes":73895284,"Lines":1913966,"Code":1913932,"Comment":0,"Blank":34,"Complexity":409792,"Url":"https://github.com/chinnabommu/computervisionwip"},"Objective C++":{"Name":"","Location":"/tmp/scc-tmp-path-13/data/yelp/review-1.mm","Filename":"review-1.mm","Value":12788052,"Bytes":189865812,"Lines":12788052,"Code":12788052,"Comment":0,"Blank":0,"Complexity":0,"Url":"https://bitbucket.com/vanghdi/yelp"},"Opalang":{"Name":"","Location":"/tmp/scc-tmp-path-9/sample_data/p4000_g+5.0_m0.0_t00_st_z+0.00_a+0.00_c+0.00_n+0.00_o+0.00_r+0.00_s+0.00.opa","Filename":"p4000_g+5.0_m0.0_t00_st_z+0.00_a+0.00_c+0.00_n+0.00_o+0.00_r+0.00_s+0.00.opa","Value":20168,"Bytes":1377267,"Lines":20168,"Code":20168,"Comment":0,"Blank":0,"Complexity":0,"Url":"https://github.com/kevtron/uniformsphere"},"Org":{"Name":"","Location":"/tmp/scc-tmp-path-12/sogou_dict_import/default.org","Filename":"default.org","Value":1875096,"Bytes":60472518,"Lines":1875096,"Code":1875096,"Comment":0,"Blank":0,"Complexity":0,"Url":"https://github.com/dyfeng/linuxscripts"},"Oz":{"Name":"","Location":"/tmp/scc-tmp-path-28/lib/compiler/StaticAnalysis.oz","Filename":"StaticAnalysis.oz","Value":4500,"Bytes":139697,"Lines":4500,"Code":3761,"Comment":380,"Blank":359,"Complexity":246,"Url":"https://github.com/aglie/mozart2"},"PHP":{"Name":"","Location":"/tmp/scc-tmp-path-19/file/log/phpfox_error_log_04_04_12_3d4b11f6ee2a89fd5ace87c910cee04b.php","Filename":"phpfox_error_log_04_04_12_3d4b11f6ee2a89fd5ace87c910cee04b.php","Value":121930973,"Bytes":3623132146,"Lines":121930973,"Code":121930973,"Comment":0,"Blank":0,"Complexity":0,"Url":"https://github.com/aadityajs/keylinkz"},"PKGBUILD":{"Name":"","Location":"/tmp/scc-tmp-path-30/stepmania-extras/PKGBUILD","Filename":"PKGBUILD","Value":4636,"Bytes":521679,"Lines":4636,"Code":4630,"Comment":0,"Blank":6,"Complexity":0,"Url":"https://bitbucket.com/axil42/aur-mirror"},"PSL Assertion":{"Name":"","Location":"/tmp/scc-tmp-path-14/lib/blat_parser/test_uno.psl","Filename":"test_uno.psl","Value":96253,"Bytes":12862607,"Lines":96253,"Code":96252,"Comment":0,"Blank":1,"Complexity":0,"Url":"https://github.com/khayer/blat_parser"},"Pascal":{"Name":"","Location":"/tmp/scc-tmp-path-27/library/r4/FHIR.R4.Resources.pas","Filename":"FHIR.R4.Resources.pas","Value":363291,"Bytes":14354478,"Lines":363291,"Code":1,"Comment":363289,"Blank":1,"Complexity":0,"Url":"https://github.com/grahamegrieve/fhirserver"},"Patch":{"Name":"","Location":"/tmp/scc-tmp-path-4/clook_iosched-team01.patch","Filename":"clook_iosched-team01.patch","Value":10982879,"Bytes":306452718,"Lines":10982879,"Code":10982865,"Comment":0,"Blank":14,"Complexity":0,"Url":"https://github.com/lnava/cs411g1"},"Perl":{"Name":"","Location":"/tmp/scc-tmp-path-30/temp/aimlCore3.pl","Filename":"aimlCore3.pl","Value":6539759,"Bytes":120333094,"Lines":6539759,"Code":6351229,"Comment":45,"Blank":188485,"Complexity":394,"Url":"https://github.com/logicmoo/jellyfish"},"Plain Text":{"Name":"","Location":"/tmp/scc-tmp-path-23/data/1366100696temp.txt","Filename":"1366100696temp.txt","Value":347671811,"Bytes":695343622,"Lines":347671811,"Code":347671811,"Comment":0,"Blank":0,"Complexity":0,"Url":"https://github.com/igorshing/flow"},"Polly":{"Name":"","Location":"/tmp/scc-tmp-path-14/aur/polly","Filename":"polly","Value":26,"Bytes":939,"Lines":26,"Code":22,"Comment":0,"Blank":4,"Complexity":0,"Url":"https://github.com/hsoft/aurdiff"},"Pony":{"Name":"","Location":"/tmp/scc-tmp-path-28/scripts/maps/demomap/scenery.pony","Filename":"scenery.pony","Value":1497,"Bytes":68142,"Lines":1497,"Code":994,"Comment":252,"Blank":251,"Complexity":0,"Url":"https://bitbucket.com/thecomet/ponycraft-prototype"},"Powershell":{"Name":"","Location":"/tmp/scc-tmp-path-28/Modules/WPK/GeneratedControls/PresentationFramework.ps1","Filename":"PresentationFramework.ps1","Value":83861,"Bytes":2088022,"Lines":83861,"Code":56048,"Comment":5163,"Blank":22650,"Complexity":4108,"Url":"https://github.com/dwj7738/my-powershell-repository"},"Processing":{"Name":"","Location":"/tmp/scc-tmp-path-2/LidarSpoofing/data.pde","Filename":"data.pde","Value":30390,"Bytes":182915,"Lines":30390,"Code":30369,"Comment":18,"Blank":3,"Complexity":0,"Url":"https://github.com/bombilee/nxv11"},"Prolog":{"Name":"","Location":"/tmp/scc-tmp-path-2/temp/top500_full.p","Filename":"top500_full.p","Value":22428770,"Bytes":90083696,"Lines":22428770,"Code":22428770,"Comment":0,"Blank":0,"Complexity":0,"Url":"https://github.com/jrvalcourt/salary-prediction"},"Properties File":{"Name":"","Location":"/tmp/scc-tmp-path-22/java_workplace/sns-xiaonei/xiaonei-guide/trunk/src/main/resources/nuomi_active_user_ids.properties","Filename":"nuomi_active_user_ids.properties","Value":2747671,"Bytes":27402241,"Lines":2747671,"Code":2747671,"Comment":0,"Blank":0,"Complexity":0,"Url":"https://github.com/gunner14/old_rr_code"},"Protocol Buffers":{"Name":"","Location":"/tmp/scc-tmp-path-2/proto/select1.proto","Filename":"select1.proto","Value":89796,"Bytes":492741,"Lines":89796,"Code":88765,"Comment":0,"Blank":1031,"Complexity":0,"Url":"https://github.com/burrows-labs/sqllogictest"},"Puppet":{"Name":"","Location":"/tmp/scc-tmp-path-16/main_110.pp","Filename":"main_110.pp","Value":314217,"Bytes":3244593,"Lines":314217,"Code":66719,"Comment":8431,"Blank":239067,"Complexity":247,"Url":"https://github.com/malkia/multi_msvcrt"},"PureScript":{"Name":"","Location":"/tmp/scc-tmp-path-11/prelude/prelude.purs","Filename":"prelude.purs","Value":1225,"Bytes":38861,"Lines":1225,"Code":944,"Comment":1,"Blank":280,"Complexity":22,"Url":"https://github.com/maxnordlund/purescript"},"Python":{"Name":"","Location":"/tmp/scc-tmp-path-17/workflows/segmine/data/mappings.py","Filename":"mappings.py","Value":3064594,"Bytes":29006152,"Lines":3064594,"Code":3064593,"Comment":0,"Blank":1,"Complexity":1,"Url":"https://github.com/anirudhvenkats/clowdflows"},"Q#":{"Name":"","Location":"/tmp/scc-tmp-path-1/direccion/analisis/scripts/in_navegador.qs","Filename":"in_navegador.qs","Value":10025,"Bytes":338634,"Lines":10025,"Code":7723,"Comment":1563,"Blank":739,"Complexity":1197,"Url":"https://github.com/afibanez/eneboo-modules"},"QCL":{"Name":"","Location":"/tmp/scc-tmp-path-16/Programs/QCLParser/bwt.qcl","Filename":"bwt.qcl","Value":447,"Bytes":8769,"Lines":447,"Code":328,"Comment":21,"Blank":98,"Complexity":96,"Url":"https://bitbucket.com/gltronred/quipper-cabal"},"QML":{"Name":"","Location":"/tmp/scc-tmp-path-15/obspyDMT/gcmt_catalog/COMBO/2005.qml","Filename":"2005.qml","Value":459113,"Bytes":15065740,"Lines":459113,"Code":459113,"Comment":0,"Blank":0,"Complexity":0,"Url":"https://github.com/kasra-hosseini/obspydmt"},"R":{"Name":"","Location":"/tmp/scc-tmp-path-15/R/disambisearches.R","Filename":"disambisearches.R","Value":4985492,"Bytes":9971363,"Lines":4985492,"Code":4985492,"Comment":0,"Blank":0,"Complexity":0,"Url":"https://bitbucket.com/richardberendsen/rdwps"},"Rakefile":{"Name":"","Location":"/tmp/scc-tmp-path-20/lib/tasks/seed.rake","Filename":"seed.rake","Value":63000,"Bytes":1208069,"Lines":63000,"Code":62999,"Comment":0,"Blank":1,"Complexity":0,"Url":"https://github.com/vajapravin/pokemon_rails"},"Razor":{"Name":"","Location":"/tmp/scc-tmp-path-16/src/ReadAThonEntry/Views/Home/validationerror.cshtml","Filename":"validationerror.cshtml","Value":22832,"Bytes":350789,"Lines":22832,"Code":12400,"Comment":651,"Blank":9781,"Complexity":0,"Url":"https://github.com/agglerithm/readathonentry"},"ReStructuredText":{"Name":"","Location":"/tmp/scc-tmp-path-6/doc/S40/S40HO033.rst","Filename":"S40HO033.rst","Value":211403,"Bytes":5667485,"Lines":211403,"Code":201235,"Comment":0,"Blank":10168,"Complexity":0,"Url":"https://github.com/ledmonster/japanese-law"},"Report Definition Language":{"Name":"","Location":"/tmp/scc-tmp-path-19/Reports/ACG.rdl","Filename":"ACG.rdl","Value":84666,"Bytes":3773496,"Lines":84666,"Code":84666,"Comment":0,"Blank":0,"Complexity":0,"Url":"https://github.com/vinhdoan/angroupdemo"},"Robot Framework":{"Name":"","Location":"/tmp/scc-tmp-path-19/doc/src_OpenGL/robot","Filename":"robot","Value":30460,"Bytes":1482321,"Lines":30460,"Code":30455,"Comment":0,"Blank":5,"Complexity":0,"Url":"https://github.com/tomasz-kucharski/robocode"},"Ruby":{"Name":"","Location":"/tmp/scc-tmp-path-10/ext/fiparse/test/data/smj_12_2004.rb","Filename":"smj_12_2004.rb","Value":2329560,"Bytes":40962174,"Lines":2329560,"Code":2325677,"Comment":0,"Blank":3883,"Complexity":1,"Url":"https://github.com/bonifacefr/oddborg-1"},"Ruby HTML":{"Name":"","Location":"/tmp/scc-tmp-path-12/app/views/home/big_table.rhtml","Filename":"big_table.rhtml","Value":29306,"Bytes":865042,"Lines":29306,"Code":29304,"Comment":0,"Blank":2,"Complexity":2,"Url":"https://github.com/vijedi/javascript_framework_test"},"Rust":{"Name":"","Location":"/tmp/scc-tmp-path-17/third_party/rust/encoding_rs/src/data.rs","Filename":"data.rs","Value":114408,"Bytes":2574464,"Lines":114408,"Code":114279,"Comment":20,"Blank":109,"Complexity":94,"Url":"https://github.com/jankeromnes/gecko-dev"},"SAS":{"Name":"","Location":"/tmp/scc-tmp-path-1/benchmark/cloud/cloud.old2/output.sas","Filename":"output.sas","Value":5874153,"Bytes":32063584,"Lines":5874153,"Code":5874153,"Comment":0,"Blank":0,"Complexity":3,"Url":"https://github.com/herry13/fdt"},"SKILL":{"Name":"","Location":"/tmp/scc-tmp-path-11/9.13/Assembly-CSharp/hijacked.il","Filename":"hijacked.il","Value":1187701,"Bytes":56704223,"Lines":1187701,"Code":1111766,"Comment":0,"Blank":75935,"Complexity":909,"Url":"https://github.com/jacktsai/tos"},"SPDX":{"Name":"","Location":"/tmp/scc-tmp-path-25/misc_spdx/linux-coreos.spdx","Filename":"linux-coreos.spdx","Value":444743,"Bytes":21230892,"Lines":444743,"Code":398730,"Comment":0,"Blank":46013,"Complexity":0,"Url":"https://github.com/triplecheck/misc"},"SQL":{"Name":"","Location":"/tmp/scc-tmp-path-24/newdump.sql","Filename":"newdump.sql","Value":11595909,"Bytes":535536761,"Lines":11595909,"Code":11595529,"Comment":246,"Blank":134,"Complexity":0,"Url":"https://github.com/rigidus/bzzr"},"SRecode Template":{"Name":"","Location":"/tmp/scc-tmp-path-11/.epsilon/espell.srt","Filename":"espell.srt","Value":216243,"Bytes":2091704,"Lines":216243,"Code":216242,"Comment":0,"Blank":1,"Complexity":0,"Url":"https://github.com/malex984/mysettings"},"SVG":{"Name":"","Location":"/tmp/scc-tmp-path-12/rsvg2/test/tmp/large-file.svg","Filename":"large-file.svg","Value":10485763,"Bytes":10485828,"Lines":10485763,"Code":3,"Comment":0,"Blank":10485760,"Complexity":0,"Url":"https://github.com/ruby-gnome2/ruby-gnome2"},"Sass":{"Name":"","Location":"/tmp/scc-tmp-path-24/node_modules/node-sass/libsass/sass-spec/spec/benchmarks/large_empty.scss","Filename":"large_empty.scss","Value":10000000,"Bytes":10000000,"Lines":10000000,"Code":0,"Comment":0,"Blank":10000000,"Complexity":0,"Url":"https://bitbucket.com/abegarcia/lifyember"},"Scala":{"Name":"","Location":"/tmp/scc-tmp-path-17/examples/renders/models_camaro.sc","Filename":"models_camaro.sc","Value":253559,"Bytes":6008295,"Lines":253559,"Code":253544,"Comment":0,"Blank":15,"Complexity":0,"Url":"https://github.com/nette22/threeflowjs"},"Scheme":{"Name":"","Location":"/tmp/scc-tmp-path-19/pln/tuffy/smokes/tests/03-08-14/atomspace.scm","Filename":"atomspace.scm","Value":3027366,"Bytes":84828520,"Lines":3027366,"Code":2285646,"Comment":0,"Blank":741720,"Complexity":0,"Url":"https://github.com/cosmoharrigan/test-datasets"},"Scons":{"Name":"","Location":"/tmp/scc-tmp-path-30/SConstruct","Filename":"SConstruct","Value":5272,"Bytes":212794,"Lines":5272,"Code":4558,"Comment":618,"Blank":96,"Complexity":432,"Url":"https://github.com/dxx-rebirth/dxx-rebirth"},"Shell":{"Name":"","Location":"/tmp/scc-tmp-path-20/out/add_commitids_to_src.sh","Filename":"add_commitids_to_src.sh","Value":1274873,"Bytes":79654932,"Lines":1274873,"Code":1095646,"Comment":179223,"Blank":4,"Complexity":2,"Url":"https://github.com/jcs/openbsd-commitid"},"Smarty Template":{"Name":"","Location":"/tmp/scc-tmp-path-25/test/tests/smarty3/templates/assign.100000.tpl","Filename":"assign.100000.tpl","Value":100002,"Bytes":2788905,"Lines":100002,"Code":100002,"Comment":0,"Blank":0,"Complexity":0,"Url":"https://github.com/rodneyrehm/php-template-engines"},"Softbridge Basic":{"Name":"","Location":"/tmp/scc-tmp-path-8/build/usr/octopus/port/live/owptext.sbl","Filename":"owptext.sbl","Value":4646,"Bytes":50400,"Lines":4646,"Code":4375,"Comment":0,"Blank":271,"Complexity":0,"Url":"https://gitlab.com/bgcx261/znos-git"},"Specman e":{"Name":"","Location":"/tmp/scc-tmp-path-4/twitter/twitter.e","Filename":"twitter.e","Value":1768135,"Bytes":26915742,"Lines":1768135,"Code":1768135,"Comment":0,"Blank":0,"Complexity":0,"Url":"https://github.com/yecol/yecolhubio"},"Spice Netlist":{"Name":"","Location":"/tmp/scc-tmp-path-29/DCS_FinalProject/input6.ckt","Filename":"input6.ckt","Value":22454,"Bytes":603911,"Lines":22454,"Code":22454,"Comment":0,"Blank":0,"Complexity":0,"Url":"https://github.com/danielsig727/dcs_labs"},"Standard ML (SML)":{"Name":"","Location":"/tmp/scc-tmp-path-14/test/rides/Ambit3-HRVbutNoHR.sml","Filename":"Ambit3-HRVbutNoHR.sml","Value":576071,"Bytes":18006327,"Lines":576071,"Code":576071,"Comment":0,"Blank":0,"Complexity":0,"Url":"https://github.com/amtriathlon/goldencheetah"},"Stata":{"Name":"","Location":"/tmp/scc-tmp-path-11/Stata/DoFile/Logic/combinations/.31113.do","Filename":".31113.do","Value":60343,"Bytes":5539430,"Lines":60343,"Code":56700,"Comment":1690,"Blank":1953,"Complexity":48600,"Url":"https://github.com/funzelknut/migrationsvariable"},"Stylus":{"Name":"","Location":"/tmp/scc-tmp-path-24/node_modules/stylus-brunch/node_modules/stylus/testing/test.styl","Filename":"test.styl","Value":19127,"Bytes":142050,"Lines":19127,"Code":15259,"Comment":52,"Blank":3816,"Complexity":0,"Url":"https://bitbucket.com/johanneskoch/interaktionskoll-client"},"Swift":{"Name":"","Location":"/tmp/scc-tmp-path-3/plugin/Tests/pbTests/Google.Protobuf.UnittestEnormousDescriptor.proto.swift","Filename":"Google.Protobuf.UnittestEnormousDescriptor.proto.swift","Value":60236,"Bytes":6439585,"Lines":60236,"Code":58211,"Comment":7,"Blank":2018,"Complexity":13017,"Url":"https://github.com/alexeyxo/protobuf-swift"},"Swig":{"Name":"","Location":"/tmp/scc-tmp-path-28/workspace/NavCenter/3DEditor/3DEditor.i","Filename":"3DEditor.i","Value":645117,"Bytes":7783058,"Lines":645117,"Code":432625,"Comment":0,"Blank":212492,"Complexity":0,"Url":"https://bitbucket.com/roman_shafeyev/navsystem"},"SystemVerilog":{"Name":"","Location":"/tmp/scc-tmp-path-2/mapped/bitcoinminer.v","Filename":"bitcoinminer.v","Value":561974,"Bytes":29222554,"Lines":561974,"Code":558759,"Comment":0,"Blank":3215,"Complexity":0,"Url":"https://gitlab.com/andresavilas/ece337project"},"Systemd":{"Name":"","Location":"/tmp/scc-tmp-path-19/models/Translators/video_corpus_baseline/data/video_clean_lower_tokenized.target","Filename":"video_clean_lower_tokenized.target","Value":1685570,"Bytes":67300056,"Lines":1685570,"Code":1685570,"Comment":0,"Blank":0,"Complexity":0,"Url":"https://github.com/cocoxu/shakespeare"},"TCL":{"Name":"","Location":"/tmp/scc-tmp-path-22/datasets/TCL","Filename":"TCL","Value":2362970,"Bytes":27653264,"Lines":2362970,"Code":2362970,"Comment":0,"Blank":0,"Complexity":0,"Url":"https://github.com/pdsteele/socialnetworksproject"},"TOML":{"Name":"","Location":"/tmp/scc-tmp-path-0/xt/toml/too_large.toml","Filename":"too_large.toml","Value":20000,"Bytes":377788,"Lines":20000,"Code":20000,"Comment":0,"Blank":0,"Complexity":0,"Url":"https://github.com/karupanerura/toml-parser"},"TaskPaper":{"Name":"","Location":"/tmp/scc-tmp-path-23/audit/task-3275.taskpaper","Filename":"task-3275.taskpaper","Value":1196,"Bytes":75810,"Lines":1196,"Code":1196,"Comment":0,"Blank":0,"Complexity":0,"Url":"https://github.com/jdzak/ncs_navigator_core"},"TeX":{"Name":"","Location":"/tmp/scc-tmp-path-1/japanischtest.tex","Filename":"japanischtest.tex","Value":1337456,"Bytes":32077679,"Lines":1337456,"Code":1337442,"Comment":6,"Blank":8,"Complexity":93,"Url":"https://github.com/rogerbraun/wadoku-scripts"},"Thrift":{"Name":"","Location":"/tmp/scc-tmp-path-18/interface/concourse.thrift","Filename":"concourse.thrift","Value":6471,"Bytes":206968,"Lines":6471,"Code":4692,"Comment":1416,"Blank":363,"Complexity":0,"Url":"https://github.com/cinchapi/concourse"},"Twig Template":{"Name":"","Location":"/tmp/scc-tmp-path-9/src/AlphaLemon/ElFinderBundle/Resources/views/ElFinder/show.html.twig","Filename":"show.html.twig","Value":16320,"Bytes":919911,"Lines":16320,"Code":14740,"Comment":0,"Blank":1580,"Complexity":0,"Url":"https://github.com/terokaisti/elfinderbundle"},"TypeScript":{"Name":"","Location":"/tmp/scc-tmp-path-8/HandwritingV010/testingcharacters/0/all_6.ts","Filename":"all_6.ts","Value":1997637,"Bytes":7521943,"Lines":1997637,"Code":1997637,"Comment":0,"Blank":0,"Complexity":0,"Url":"https://github.com/selbst/handy-chem"},"TypeScript Typings":{"Name":"","Location":"/tmp/scc-tmp-path-22/DojoTypeDescriptor/Scripts/typings/dojox.d.ts","Filename":"dojox.d.ts","Value":384171,"Bytes":19514050,"Lines":384171,"Code":92840,"Comment":291002,"Blank":329,"Complexity":8786,"Url":"https://github.com/vansimke/dojotypedescriptiongenerator"},"Unreal Script":{"Name":"","Location":"/tmp/scc-tmp-path-9/Figure_3/Panel_C/orfs.derep_id97.uc","Filename":"orfs.derep_id97.uc","Value":110737,"Bytes":5643005,"Lines":110737,"Code":110737,"Comment":0,"Blank":0,"Complexity":0,"Url":"https://github.com/polyatail/scher_et_al_2013"},"Ur/Web":{"Name":"","Location":"/tmp/scc-tmp-path-15/ur-en/tok/dict.ur-en.ur","Filename":"dict.ur-en.ur","Value":113911,"Bytes":1225653,"Lines":113911,"Code":113911,"Comment":0,"Blank":0,"Complexity":0,"Url":"https://github.com/deepuiitk/indian-parallel-corpora"},"Ur/Web Project":{"Name":"","Location":"/tmp/scc-tmp-path-30/reader.urp","Filename":"reader.urp","Value":346,"Bytes":11134,"Lines":346,"Code":323,"Comment":22,"Blank":1,"Complexity":0,"Url":"https://github.com/huluwa/bazqux-urweb"},"V":{"Name":"","Location":"/tmp/scc-tmp-path-4/SRC/FPGA-Verilog-Code/ImageMazeChannelValueROM.v","Filename":"ImageMazeChannelValueROM.v","Value":1440068,"Bytes":30876042,"Lines":1440068,"Code":1440048,"Comment":0,"Blank":20,"Complexity":0,"Url":"https://github.com/thepedestrian/fpga-simple-maze-game-using-vga-output"},"VHDL":{"Name":"","Location":"/tmp/scc-tmp-path-0/mapped/cpuTest.vhd","Filename":"cpuTest.vhd","Value":442043,"Bytes":19889903,"Lines":442043,"Code":290219,"Comment":107882,"Blank":43942,"Complexity":0,"Url":"https://github.com/mbarga/archive-cpu"},"Vala":{"Name":"","Location":"/tmp/scc-tmp-path-1/mwp/mwp.vala","Filename":"mwp.vala","Value":8765,"Bytes":293411,"Lines":8765,"Code":8358,"Comment":35,"Blank":372,"Complexity":357,"Url":"https://github.com/stronnag/mwptools"},"Varnish Configuration":{"Name":"","Location":"/tmp/scc-tmp-path-14/vcl/breach/40_generic_attacks.vcl","Filename":"40_generic_attacks.vcl","Value":13367,"Bytes":569532,"Lines":13367,"Code":10336,"Comment":3030,"Blank":1,"Complexity":0,"Url":"https://github.com/aureq/securityvcl"},"Verilog":{"Name":"","Location":"/tmp/scc-tmp-path-14/synth_report_0420/pipeline.vg","Filename":"pipeline.vg","Value":578418,"Bytes":35028228,"Lines":578418,"Code":577785,"Comment":0,"Blank":633,"Complexity":0,"Url":"https://github.com/sammsiontir/eecs470_superernie"},"Verilog Args File":{"Name":"","Location":"/tmp/scc-tmp-path-8/uvm_ref/1.2/uvm_ref_flow_1.2/designs/socv/rtl/rtl_lpw/opencores/or1200.irunargs","Filename":"or1200.irunargs","Value":60,"Bytes":1597,"Lines":60,"Code":54,"Comment":0,"Blank":6,"Complexity":0,"Url":"https://github.com/doswellf/combinator-uvm"},"Vertex Shader File":{"Name":"","Location":"/tmp/scc-tmp-path-17/src/materialsystem/stdshaders/sdk_macros.vsh","Filename":"sdk_macros.vsh","Value":1922,"Bytes":50194,"Lines":1922,"Code":1662,"Comment":0,"Blank":260,"Complexity":149,"Url":"https://github.com/bubbasacs/finalproj"},"Vim Script":{"Name":"","Location":"/tmp/scc-tmp-path-21/autoload/cppapi/ddk.vim","Filename":"ddk.vim","Value":60282,"Bytes":2913361,"Lines":60282,"Code":49519,"Comment":0,"Blank":10763,"Complexity":0,"Url":"https://github.com/yuratomo/cpp-api-ddk"},"Visual Basic":{"Name":"","Location":"/tmp/scc-tmp-path-23/BussinessLogic/linqStoreProcs.designer.vb","Filename":"linqStoreProcs.designer.vb","Value":561067,"Bytes":17680097,"Lines":561067,"Code":479190,"Comment":9,"Blank":81868,"Complexity":0,"Url":"https://bitbucket.com/mscalella/pronto"},"Visual Basic for Applications":{"Name":"","Location":"/tmp/scc-tmp-path-5/FurnaceDriver/FurnaceDriver_rpy/Default/Dispatcher.cls","Filename":"Dispatcher.cls","Value":332266,"Bytes":9679923,"Lines":332266,"Code":332256,"Comment":0,"Blank":10,"Complexity":2,"Url":"https://github.com/franc90/furnacedriver"},"Vue":{"Name":"","Location":"/tmp/scc-tmp-path-13/Ogre.vue","Filename":"Ogre.vue","Value":22916,"Bytes":1133703,"Lines":22916,"Code":22906,"Comment":5,"Blank":5,"Complexity":0,"Url":"https://github.com/deepfire/tech"},"Wolfram":{"Name":"","Location":"/tmp/scc-tmp-path-23/hmm.nb","Filename":"hmm.nb","Value":2177422,"Bytes":99155670,"Lines":2177422,"Code":2140929,"Comment":75,"Blank":36418,"Complexity":0,"Url":"https://github.com/liei/shoebox"},"Wren":{"Name":"","Location":"/tmp/scc-tmp-path-19/test/limit/reuse_constants.wren","Filename":"reuse_constants.wren","Value":65550,"Bytes":513328,"Lines":65550,"Code":65546,"Comment":1,"Blank":3,"Complexity":0,"Url":"https://github.com/munificent/wren"},"XAML":{"Name":"","Location":"/tmp/scc-tmp-path-6/Tests/WPFMapControlTest/SymbolDrawings.xaml","Filename":"SymbolDrawings.xaml","Value":20764,"Bytes":1238917,"Lines":20764,"Code":20764,"Comment":0,"Blank":0,"Complexity":0,"Url":"https://github.com/tomba/dwarrowdelf"},"XCode Config":{"Name":"","Location":"/tmp/scc-tmp-path-4/config/Project-Shared.xcconfig","Filename":"Project-Shared.xcconfig","Value":522,"Bytes":14328,"Lines":522,"Code":59,"Comment":265,"Blank":198,"Complexity":0,"Url":"https://github.com/krzyzanowskim/cryptoswift"},"XML":{"Name":"","Location":"/tmp/scc-tmp-path-7/SBDM Exercise 2/dblp.xml","Filename":"dblp.xml","Value":39445222,"Bytes":1490597530,"Lines":39445222,"Code":39425160,"Comment":0,"Blank":20062,"Complexity":0,"Url":"https://bitbucket.com/mellson/dblp-statistics"},"XML Schema":{"Name":"","Location":"/tmp/scc-tmp-path-5/xsd/rsx/7.4.1/856/AdvanceShipNotices.xsd","Filename":"AdvanceShipNotices.xsd","Value":436055,"Bytes":31128964,"Lines":436055,"Code":436055,"Comment":0,"Blank":0,"Complexity":0,"Url":"https://github.com/dvhill/impengineering"},"Xtend":{"Name":"","Location":"/tmp/scc-tmp-path-28/kompren-examples/examples.umlFootprinting/src/main/java/umlfootprinter/UMLSlicerAspect.xtend","Filename":"UMLSlicerAspect.xtend","Value":5936,"Bytes":209877,"Lines":5936,"Code":4488,"Comment":298,"Blank":1150,"Complexity":439,"Url":"https://github.com/arnobl/kompren"},"YAML":{"Name":"","Location":"/tmp/scc-tmp-path-6/db/data.yml","Filename":"data.yml","Value":10764489,"Bytes":200526321,"Lines":10764489,"Code":10764328,"Comment":4,"Blank":157,"Complexity":0,"Url":"https://github.com/cclausen/communtu"},"Zig":{"Name":"","Location":"/tmp/scc-tmp-path-21/Games/Tetris-zig/src/main.zig","Filename":"main.zig","Value":903,"Bytes":28351,"Lines":903,"Code":757,"Comment":12,"Blank":134,"Complexity":115,"Url":"https://github.com/aurametrix/aurametrixhubio"},"Zsh":{"Name":"","Location":"/tmp/scc-tmp-path-3/completions/_oc.zsh","Filename":"_oc.zsh","Value":17307,"Bytes":502192,"Lines":17307,"Code":16080,"Comment":39,"Blank":1188,"Complexity":96,"Url":"https://github.com/voronenko/dotfiles"},"gitignore":{"Name":"","Location":"/tmp/scc-tmp-path-22/harpy/.gitignore","Filename":".gitignore","Value":1055167,"Bytes":8442403,"Lines":1055167,"Code":1055167,"Comment":0,"Blank":0,"Complexity":0,"Url":"https://github.com/arikanu/harpy"},"ignore":{"Name":"","Location":"/tmp/scc-tmp-path-10/.ignore","Filename":".ignore","Value":192,"Bytes":3922,"Lines":192,"Code":87,"Comment":53,"Blank":52,"Complexity":0,"Url":"https://github.com/9renpoto/dotfiles"},"m4":{"Name":"","Location":"/tmp/scc-tmp-path-21/python/atizer/m4/m4/ax.m4","Filename":"ax.m4","Value":47828,"Bytes":1741781,"Lines":47828,"Code":22070,"Comment":22675,"Blank":3083,"Complexity":0,"Url":"https://github.com/tjgiese/atizer"},"nuspec":{"Name":"","Location":"/tmp/scc-tmp-path-31/Npm.js.nuspec","Filename":"Npm.js.nuspec","Value":2823,"Bytes":509907,"Lines":2823,"Code":2823,"Comment":0,"Blank":0,"Complexity":0,"Url":"https://github.com/giggio/npm-nuget"},"sed":{"Name":"","Location":"/tmp/scc-tmp-path-17/data/models/pierel/CSP-2004fe.SED","Filename":"CSP-2004fe.SED","Value":214290,"Bytes":4482752,"Lines":214290,"Code":214290,"Comment":0,"Blank":0,"Complexity":0,"Url":"https://github.com/sncosmo/sncosmohubio"}}