{"ABAP":{"Name":"","Location":"/tmp/scc-tmp-path-20/ZDFIReports/ZACO19U_SHOP_NEW_1.abap","Filename":"ZACO19U_SHOP_NEW_1.abap","Value":4244,"Bytes":350956,"Lines":11117,"Code":5283,"Comment":4244,"Blank":1590,"Complexity":0,"Url":"https://github.com/yetaai/sap"},"ASP":{"Name":"","Location":"/tmp/scc-tmp-path-3/Release/zb_system/FUNCTION/c_system_plugin.asp","Filename":"c_system_plugin.asp","Value":1878,"Bytes":131292,"Lines":4815,"Code":1569,"Comment":1878,"Blank":1368,"Complexity":0,"Url":"https://github.com/zhou-hui/zblog"},"ASP.NET":{"Name":"","Location":"/tmp/scc-tmp-path-16/SocIoS Front End/SociosFrontEnd/DesktopModules/EasyDNNGallery/GallerySettings.ascx","Filename":"GallerySettings.ascx","Value":10969,"Bytes":675054,"Lines":11541,"Code":564,"Comment":10969,"Blank":8,"Complexity":8,"Url":"https://github.com/fran9rodriguez/socios"},"ATS":{"Name":"","Location":"/tmp/scc-tmp-path-29/npm-utils/contrib/libats-/hwxi/Andes/TEST/test06.dats","Filename":"test06.dats","Value":24179,"Bytes":448608,"Lines":24350,"Code":154,"Comment":24179,"Blank":17,"Complexity":3,"Url":"https://github.com/ashalkhakov/ats-postiats"},"AWK":{"Name":"","Location":"/tmp/scc-tmp-path-21/Atelier/dic-generator.awk","Filename":"dic-generator.awk","Value":1732,"Bytes":227778,"Lines":2580,"Code":614,"Comment":1732,"Blank":234,"Complexity":0,"Url":"https://github.com/azizyemloul/plover-france-dict"},"ActionScript":{"Name":"","Location":"/tmp/scc-tmp-path-3/hero/src/cmodule/ALCSWF/__2E_str95.as","Filename":"__2E_str95.as","Value":21173,"Bytes":1684984,"Lines":42694,"Code":20701,"Comment":21173,"Blank":820,"Complexity":2593,"Url":"https://github.com/oyhc/simonynx"},"Ada":{"Name":"","Location":"/tmp/scc-tmp-path-27/source/amf/uml/amf-internals-tables-uml_metamodel-objects.adb","Filename":"amf-internals-tables-uml_metamodel-objects.adb","Value":14535,"Bytes":1858336,"Lines":62843,"Code":33816,"Comment":14535,"Blank":14492,"Complexity":0,"Url":"https://github.com/landgraf/matreshka"},"Agda":{"Name":"","Location":"/tmp/scc-tmp-path-3/Univalence/Obsolete/Pifextra.agda","Filename":"Pifextra.agda","Value":2892,"Bytes":262797,"Lines":6483,"Code":2883,"Comment":2892,"Blank":708,"Complexity":18,"Url":"https://github.com/zsparks/pi-dual"},"Alchemist":{"Name":"","Location":"/tmp/scc-tmp-path-9/lm7K/fp/test/ctrl.crn","Filename":"ctrl.crn","Value":16,"Bytes":15713,"Lines":299,"Code":282,"Comment":16,"Blank":1,"Complexity":0,"Url":"https://github.com/bakhtatou/ecalj"},"Alloy":{"Name":"","Location":"/tmp/scc-tmp-path-25/ProductLineTesting/AlloyModels/TransactionFeatureFinal.als","Filename":"TransactionFeatureFinal.als","Value":1012,"Bytes":73943,"Lines":2590,"Code":1477,"Comment":1012,"Blank":101,"Complexity":16,"Url":"https://github.com/davletd/productlinetesting"},"Android Interface Definition Language":{"Name":"","Location":"/tmp/scc-tmp-path-24/telephony/java/com/android/internal/telephony/ITelephony.aidl","Filename":"ITelephony.aidl","Value":1410,"Bytes":73502,"Lines":2005,"Code":340,"Comment":1410,"Blank":255,"Complexity":0,"Url":"https://github.com/android/platform_frameworks_base"},"Assembly":{"Name":"","Location":"/tmp/scc-tmp-path-31/HeavyWeather.asm","Filename":"HeavyWeather.asm","Value":169645,"Bytes":75084582,"Lines":1914563,"Code":1592616,"Comment":169645,"Blank":152302,"Complexity":965,"Url":"https://github.com/dpeddi/ws-28xx-hacking"},"AutoHotKey":{"Name":"","Location":"/tmp/scc-tmp-path-23/ahk_script/others/studio.ahk","Filename":"studio.ahk","Value":10391,"Bytes":535611,"Lines":13594,"Code":3179,"Comment":10391,"Blank":24,"Complexity":747,"Url":"https://github.com/dajunx/cplusplus"},"Autoconf":{"Name":"","Location":"/tmp/scc-tmp-path-9/data/square_detector_local.in","Filename":"square_detector_local.in","Value":625464,"Bytes":19246523,"Lines":1349485,"Code":724021,"Comment":625464,"Blank":0,"Complexity":0,"Url":"https://github.com/revivo/py_snippets"},"BASH":{"Name":"","Location":"/tmp/scc-tmp-path-30/dotfiles/bashrc","Filename":"bashrc","Value":3606,"Bytes":561976,"Lines":17135,"Code":11105,"Comment":3606,"Blank":2424,"Complexity":989,"Url":"https://github.com/c0moshack/c0moshack"},"Basic":{"Name":"","Location":"/tmp/scc-tmp-path-21/Spectrum Analyzer/MSA_version116_4q.bas","Filename":"MSA_version116_4q.bas","Value":3892,"Bytes":1761753,"Lines":32646,"Code":26900,"Comment":3892,"Blank":1854,"Complexity":3502,"Url":"https://github.com/hpux735/spectrum-analyzer"},"Batch":{"Name":"","Location":"/tmp/scc-tmp-path-7/Windows/微软产品激活/Microsoft Activation Script _0.6_中英双语/MAS_0.6_en.cmd","Filename":"MAS_0.6_en.cmd","Value":14402,"Bytes":2018628,"Lines":18512,"Code":3381,"Comment":14402,"Blank":729,"Complexity":700,"Url":"https://github.com/asfuyao/asfuyao"},"Bazel":{"Name":"","Location":"/tmp/scc-tmp-path-23/tests/build_timeout/buildlogs/run1/gcc-mingw-w64_12_amd64-20140427-2100.build","Filename":"gcc-mingw-w64_12_amd64-20140427-2100.build","Value":6429,"Bytes":11182805,"Lines":78717,"Code":72093,"Comment":6429,"Blank":195,"Complexity":9054,"Url":"https://github.com/nonas/debian-clang"},"Bitbake":{"Name":"","Location":"/tmp/scc-tmp-path-26/Lib/Doxyfile.bb","Filename":"Doxyfile.bb","Value":1533,"Bytes":103431,"Lines":2322,"Code":257,"Comment":1533,"Blank":532,"Complexity":0,"Url":"https://github.com/sasha-tvo/beam-splitting"},"Bitbucket Pipeline":{"Name":"","Location":"/tmp/scc-tmp-path-2/bitbucket-pipelines.yml","Filename":"bitbucket-pipelines.yml","Value":30,"Bytes":10888,"Lines":105,"Code":71,"Comment":30,"Blank":4,"Complexity":0,"Url":"https://bitbucket.com/c2tarun/integrated-genome-browser"},"Boo":{"Name":"","Location":"/tmp/scc-tmp-path-13/applications/kappa/sun95.tex","Filename":"sun95.tex","Value":57018,"Bytes":2489222,"Lines":60050,"Code":2726,"Comment":57018,"Blank":306,"Complexity":134,"Url":"https://github.com/dt888/starlink"},"Bosque":{"Name":"","Location":"scc-tmp-path/examples/language/bosque.bsq","Filename":"bosque.bsq","Value":8,"Bytes":6900,"Lines":179,"Code":139,"Comment":8,"Blank":32,"Complexity":1,"Url":"https://github.com/boyter/scc"},"BuildStream":{"Name":"","Location":"/tmp/scc-tmp-path-1/texmf/bibtex/bst/mybst/astrobib.bst","Filename":"astrobib.bst","Value":120,"Bytes":37355,"Lines":1662,"Code":1409,"Comment":120,"Blank":133,"Complexity":0,"Url":"https://github.com/npadmana/npadmana_config"},"C":{"Name":"","Location":"/tmp/scc-tmp-path-22/thesis/data/testgen.c","Filename":"testgen.c","Value":1705508,"Bytes":71015287,"Lines":2184897,"Code":452415,"Comment":1705508,"Blank":26974,"Complexity":99743,"Url":"https://github.com/aclements/thesis"},"C Header":{"Name":"","Location":"/tmp/scc-tmp-path-19/VuforiaAugmentedReality/VuforiaAugmentedReality/Models/head.h","Filename":"head.h","Value":686587,"Bytes":150084608,"Lines":2746297,"Code":2059707,"Comment":686587,"Blank":3,"Complexity":0,"Url":"https://github.com/findingdestity/vuforiaaugmentedreality"},"C Shell":{"Name":"","Location":"/tmp/scc-tmp-path-29/setup_grid.csh","Filename":"setup_grid.csh","Value":645,"Bytes":25495,"Lines":970,"Code":325,"Comment":645,"Blank":0,"Complexity":57,"Url":"https://github.com/pmaksim1/bin"},"C#":{"Name":"","Location":"/tmp/scc-tmp-path-11/Core/WCell.Constants/Items/ItemId.cs","Filename":"ItemId.cs","Value":171944,"Bytes":4074816,"Lines":208161,"Code":36214,"Comment":171944,"Blank":3,"Complexity":0,"Url":"https://github.com/arventwei/wcell"},"C++":{"Name":"","Location":"/tmp/scc-tmp-path-16/lib/ResidueTopology.cc","Filename":"ResidueTopology.cc","Value":663024,"Bytes":39636948,"Lines":685784,"Code":1270,"Comment":663024,"Blank":21490,"Complexity":93,"Url":"https://github.com/major-lab/mccore"},"C++ Header":{"Name":"","Location":"/tmp/scc-tmp-path-7/tests/includes/fixtures/test_cliprdr_channel_xfreerdp_full_authorisation.hpp","Filename":"test_cliprdr_channel_xfreerdp_full_authorisation.hpp","Value":196958,"Bytes":37538478,"Lines":381718,"Code":184758,"Comment":196958,"Blank":2,"Complexity":0,"Url":"https://github.com/pykoder/redemption"},"CMake":{"Name":"","Location":"/tmp/scc-tmp-path-26/config/rootfiles/oldcore/66/filelists/cmake","Filename":"cmake","Value":2425,"Bytes":137487,"Lines":2425,"Code":0,"Comment":2425,"Blank":0,"Complexity":0,"Url":"https://github.com/ipfire/ipfire-2x"},"COBOL":{"Name":"","Location":"/tmp/scc-tmp-path-10/lib/db2include/cobol_mf/db2ApiDf.cbl","Filename":"db2ApiDf.cbl","Value":3319,"Bytes":212596,"Lines":4933,"Code":1348,"Comment":3319,"Blank":266,"Complexity":0,"Url":"https://github.com/therocket/mixanalytics"},"CSS":{"Name":"","Location":"/tmp/scc-tmp-path-23/src/resources/css/screener.css","Filename":"screener.css","Value":43785,"Bytes":3132248,"Lines":66668,"Code":21112,"Comment":43785,"Blank":1771,"Complexity":0,"Url":"https://github.com/26mansi/raxa-jss"},"Cabal":{"Name":"","Location":"/tmp/scc-tmp-path-7/deeplearning.cabal","Filename":"deeplearning.cabal","Value":180,"Bytes":12251,"Lines":325,"Code":109,"Comment":180,"Blank":36,"Complexity":23,"Url":"https://github.com/tener/deeplearning-thesis"},"Cargo Lock":{"Name":"","Location":"/tmp/scc-tmp-path-13/Cargo.lock","Filename":"Cargo.lock","Value":2,"Bytes":39901,"Lines":883,"Code":781,"Comment":2,"Blank":100,"Complexity":0,"Url":"https://bitbucket.com/dorianpula/rookeries"},"Cassius":{"Name":"","Location":"/tmp/scc-tmp-path-18/templates/xweek.cassius","Filename":"xweek.cassius","Value":94,"Bytes":1755,"Lines":96,"Code":1,"Comment":94,"Blank":1,"Complexity":0,"Url":"https://github.com/trevorssmith1392/yuplanner"},"Ceylon":{"Name":"","Location":"/tmp/scc-tmp-path-19/source/org/eclipse/ceylon/ide/intellij/psi/IdeaCeylonParser.ceylon","Filename":"IdeaCeylonParser.ceylon","Value":286,"Bytes":22942,"Lines":487,"Code":184,"Comment":286,"Blank":17,"Complexity":38,"Url":"https://github.com/ceylon/ceylon-ide-intellij"},"Clojure":{"Name":"","Location":"/tmp/scc-tmp-path-3/experiment/all-playlists-output.clj","Filename":"all-playlists-output.clj","Value":3440,"Bytes":113360,"Lines":3441,"Code":1,"Comment":3440,"Blank":0,"Complexity":0,"Url":"https://github.com/dedeibel/dilist"},"ClojureScript":{"Name":"","Location":"/tmp/scc-tmp-path-5/lt-cljs-tutorial.cljs","Filename":"lt-cljs-tutorial.cljs","Value":518,"Bytes":39766,"Lines":1495,"Code":422,"Comment":518,"Blank":555,"Complexity":0,"Url":"https://github.com/dwaynekj/lt-cljs-tutorial"},"Closure Template":{"Name":"","Location":"/tmp/scc-tmp-path-22/docs/files-and-dirs/buckconfig.soy","Filename":"buckconfig.soy","Value":2915,"Bytes":173208,"Lines":5189,"Code":2014,"Comment":2915,"Blank":260,"Complexity":89,"Url":"https://github.com/facebook/buck"},"CoffeeScript":{"Name":"","Location":"/tmp/scc-tmp-path-22/tmp.coffee","Filename":"tmp.coffee","Value":29088,"Bytes":605012,"Lines":32352,"Code":3,"Comment":29088,"Blank":3261,"Complexity":0,"Url":"https://github.com/trshugu/nt"},"ColdFusion":{"Name":"","Location":"/tmp/scc-tmp-path-14/js/js.cfm","Filename":"js.cfm","Value":8786,"Bytes":165329,"Lines":8799,"Code":9,"Comment":8786,"Blank":4,"Complexity":0,"Url":"https://github.com/phillipsenn/matrix"},"ColdFusion CFScript":{"Name":"","Location":"/tmp/scc-tmp-path-31/collectmed1.0/CustomTags/com/common/Intake.cfc","Filename":"Intake.cfc","Value":2578,"Bytes":272616,"Lines":5156,"Code":1897,"Comment":2578,"Blank":681,"Complexity":1,"Url":"https://github.com/mfgglobalsolutions/collectmed"},"Coq":{"Name":"","Location":"/tmp/scc-tmp-path-6/lib/altera/cycloneiv_hssi_atoms.v","Filename":"cycloneiv_hssi_atoms.v","Value":74936,"Bytes":3247953,"Lines":81162,"Code":5475,"Comment":74936,"Blank":751,"Complexity":586,"Url":"https://github.com/amigabill/minimig-de1"},"Crystal":{"Name":"","Location":"/tmp/scc-tmp-path-26/src/string.cr","Filename":"string.cr","Value":1412,"Bytes":123707,"Lines":4408,"Code":2490,"Comment":1412,"Blank":506,"Complexity":497,"Url":"https://github.com/manastech/crystal"},"Cython":{"Name":"","Location":"/tmp/scc-tmp-path-20/pcl/pcl_common_172.pxd","Filename":"pcl_common_172.pxd","Value":5030,"Bytes":225744,"Lines":5331,"Code":24,"Comment":5030,"Blank":277,"Complexity":0,"Url":"https://github.com/strawlab/python-pcl"},"D":{"Name":"","Location":"/tmp/scc-tmp-path-28/old_projects/jpf-symbc/.hg/store/data/lib/coral.jar.d","Filename":"coral.jar.d","Value":80674,"Bytes":21323952,"Lines":80850,"Code":176,"Comment":80674,"Blank":0,"Complexity":0,"Url":"https://github.com/khanhbui/jpf"},"Dart":{"Name":"","Location":"/tmp/scc-tmp-path-4/assets/ss2018/webtech/games/team-4g/packages/$sdk/lib/html/dart2js/html_dart2js.dart","Filename":"html_dart2js.dart","Value":10547,"Bytes":1427169,"Lines":46703,"Code":29333,"Comment":10547,"Blank":6823,"Complexity":1449,"Url":"https://github.com/nkratzke/nkratzkehubio"},"Device Tree":{"Name":"","Location":"/tmp/scc-tmp-path-8/src/mainboard/cavium/cn8100_sff_evb/ddr4-common.dtsi","Filename":"ddr4-common.dtsi","Value":695,"Bytes":37466,"Lines":802,"Code":53,"Comment":695,"Blank":54,"Complexity":0,"Url":"https://github.com/coreboot/coreboot"},"Dhall":{"Name":"","Location":"/tmp/scc-tmp-path-18/dhall/Exec/completion/nix.bash.dhall","Filename":"nix.bash.dhall","Value":86,"Bytes":2746,"Lines":109,"Code":16,"Comment":86,"Blank":7,"Complexity":0,"Url":"https://github.com/trskop/command-wrapper"},"Docker ignore":{"Name":"","Location":"/tmp/scc-tmp-path-23/.dockerignore","Filename":".dockerignore","Value":92,"Bytes":5030,"Lines":311,"Code":142,"Comment":92,"Blank":77,"Complexity":0,"Url":"https://github.com/ahbeng/nusmods"},"Dockerfile":{"Name":"","Location":"/tmp/scc-tmp-path-22/containerized/pipeline/Dockerfile","Filename":"Dockerfile","Value":152,"Bytes":17020,"Lines":339,"Code":117,"Comment":152,"Blank":70,"Complexity":52,"Url":"https://github.com/snewhouse/ngs"},"Elixir":{"Name":"","Location":"/tmp/scc-tmp-path-5/lib/elixir/macros.ex","Filename":"macros.ex","Value":832,"Bytes":28659,"Lines":993,"Code":122,"Comment":832,"Blank":39,"Complexity":2,"Url":"https://github.com/alexbaranosky/elixir"},"Elm":{"Name":"","Location":"/tmp/scc-tmp-path-4/static/fourier-elm/elm-stuff/packages/evancz/elm-html/4.0.2/src/Html/Attributes.elm","Filename":"Attributes.elm","Value":434,"Bytes":24934,"Lines":1006,"Code":344,"Comment":434,"Blank":228,"Complexity":3,"Url":"https://github.com/catherinemoresco/catherinemorescohubio"},"Emacs Dev Env":{"Name":"","Location":"/tmp/scc-tmp-path-26/cedet/lisp/cedet/Project.ede","Filename":"Project.ede","Value":3,"Bytes":1571,"Lines":41,"Code":38,"Comment":3,"Blank":0,"Complexity":0,"Url":"https://bitbucket.com/hoangtu/my-emacs-prelude"},"Emacs Lisp":{"Name":"","Location":"/tmp/scc-tmp-path-10/pjb-java.el","Filename":"pjb-java.el","Value":24375,"Bytes":1346175,"Lines":24477,"Code":80,"Comment":24375,"Blank":22,"Complexity":0,"Url":"https://gitlab.com/com-informatimago/emacs"},"Erlang":{"Name":"","Location":"/tmp/scc-tmp-path-27/nci_ft_ricm_dul_SUITE.erl","Filename":"nci_ft_ricm_dul_SUITE.erl","Value":28306,"Bytes":1110582,"Lines":43180,"Code":10922,"Comment":28306,"Blank":3952,"Complexity":96,"Url":"https://github.com/nussiminen/git_nussia"},"Expect":{"Name":"","Location":"/tmp/scc-tmp-path-2/cmd/macfe/projects/client/Navigator.exp","Filename":"Navigator.exp","Value":10063,"Bytes":340076,"Lines":10727,"Code":240,"Comment":10063,"Blank":424,"Complexity":0,"Url":"https://github.com/vicamo/b2g_mozilla-central"},"F#":{"Name":"","Location":"/tmp/scc-tmp-path-23/src/Fmat.Numerics/GenericMatrixDoc.fs","Filename":"GenericMatrixDoc.fs","Value":3383,"Bytes":148599,"Lines":3600,"Code":114,"Comment":3383,"Blank":103,"Complexity":0,"Url":"https://github.com/chrisa23/fmat"},"F*":{"Name":"","Location":"/tmp/scc-tmp-path-5/examples/low-level/crypto/Crypto.Symmetric.Poly1305.Bignum.Lemmas.Part1.fst","Filename":"Crypto.Symmetric.Poly1305.Bignum.Lemmas.Part1.fst","Value":289,"Bytes":25433,"Lines":603,"Code":277,"Comment":289,"Blank":37,"Complexity":0,"Url":"https://github.com/fstarlang/fstar"},"FIDL":{"Name":"","Location":"/tmp/scc-tmp-path-5/docs/amb.in.fidl","Filename":"amb.in.fidl","Value":686,"Bytes":40651,"Lines":1502,"Code":531,"Comment":686,"Blank":285,"Complexity":0,"Url":"https://github.com/otcshare/automotive-message-broker"},"FORTRAN Legacy":{"Name":"","Location":"/tmp/scc-tmp-path-21/src/modules/lapack/dlapack.f","Filename":"dlapack.f","Value":110640,"Bytes":5194102,"Lines":165756,"Code":54808,"Comment":110640,"Blank":308,"Complexity":0,"Url":"https://github.com/wch/r-source"},"FORTRAN Modern":{"Name":"","Location":"/tmp/scc-tmp-path-18/slatec/slatec.f90","Filename":"slatec.f90","Value":169817,"Bytes":10388406,"Lines":298677,"Code":128657,"Comment":169817,"Blank":203,"Complexity":23206,"Url":"https://github.com/johannesgerer/jburkardt-f"},"Fish":{"Name":"","Location":"/tmp/scc-tmp-path-6/functions/Godsay.fish","Filename":"Godsay.fish","Value":31103,"Bytes":4521571,"Lines":31112,"Code":7,"Comment":31103,"Blank":2,"Complexity":1,"Url":"https://gitlab.com/mitzip/fish-config"},"Flow9":{"Name":"","Location":"/tmp/scc-tmp-path-13/flow-typed/jquery/index.js.flow","Filename":"index.js.flow","Value":2361,"Bytes":145285,"Lines":3241,"Code":630,"Comment":2361,"Blank":250,"Complexity":0,"Url":"https://github.com/hitode909/higashi-dance-network"},"Forth":{"Name":"","Location":"/tmp/scc-tmp-path-16/data/corpus/europarl.lowercased.fr","Filename":"europarl.lowercased.fr","Value":9107,"Bytes":221944236,"Lines":1256321,"Code":1247214,"Comment":9107,"Blank":0,"Complexity":145,"Url":"https://github.com/mar-one/machine-trans-shared-task"},"Fragment Shader File":{"Name":"","Location":"/tmp/scc-tmp-path-12/osx/examples/nautilus/resources/bulb.fsh","Filename":"bulb.fsh","Value":464,"Bytes":13742,"Lines":538,"Code":60,"Comment":464,"Blank":14,"Complexity":8,"Url":"https://github.com/imclab/aluminum"},"Freemarker Template":{"Name":"","Location":"/tmp/scc-tmp-path-7/web/WEB-INF/templates/search/result_softwares.ftl","Filename":"result_softwares.ftl","Value":573,"Bytes":64105,"Lines":688,"Code":92,"Comment":573,"Blank":23,"Complexity":5,"Url":"https://github.com/oscar810429/painiu-project"},"Futhark":{"Name":"","Location":"/tmp/scc-tmp-path-29/tests/blackscholes.fut","Filename":"blackscholes.fut","Value":257,"Bytes":22323,"Lines":299,"Code":34,"Comment":257,"Blank":8,"Complexity":7,"Url":"https://github.com/hiperfit/futhark"},"GDScript":{"Name":"","Location":"/tmp/scc-tmp-path-21/gap/group.gd","Filename":"group.gd","Value":2023,"Bytes":85648,"Lines":2159,"Code":113,"Comment":2023,"Blank":23,"Complexity":1,"Url":"https://github.com/laurentbartholdi/fr"},"GLSL":{"Name":"","Location":"/tmp/scc-tmp-path-17/data/shader/subPlanetNoise.frag","Filename":"subPlanetNoise.frag","Value":1051,"Bytes":68050,"Lines":1541,"Code":402,"Comment":1051,"Blank":88,"Complexity":44,"Url":"https://github.com/carlos-felipe88/spacecraft"},"GN":{"Name":"","Location":"/tmp/scc-tmp-path-12/media/webrtc/trunk/build/config/android/rules.gni","Filename":"rules.gni","Value":827,"Bytes":107078,"Lines":2970,"Code":1890,"Comment":827,"Blank":253,"Complexity":237,"Url":"https://github.com/autonome/gecko-dev"},"Game Maker Language":{"Name":"","Location":"/tmp/scc-tmp-path-20/gm_spineapi.gml","Filename":"gm_spineapi.gml","Value":4345,"Bytes":330077,"Lines":7395,"Code":2131,"Comment":4345,"Blank":919,"Complexity":294,"Url":"https://github.com/ecriss/gmspineapi"},"Gherkin Specification":{"Name":"","Location":"/tmp/scc-tmp-path-10/Dev/Dev2.Activities.Specs/Composition/WorkflowExecution.feature","Filename":"WorkflowExecution.feature","Value":1421,"Bytes":258326,"Lines":4861,"Code":3210,"Comment":1421,"Blank":230,"Complexity":91,"Url":"https://bitbucket.com/hagashennaidu/warewolf-esb"},"Go":{"Name":"","Location":"/tmp/scc-tmp-path-19/vendor/gopkg.in/src-d/enry.v1/data/frequencies.go","Filename":"frequencies.go","Value":89661,"Bytes":7132538,"Lines":164346,"Code":74682,"Comment":89661,"Blank":3,"Complexity":0,"Url":"https://github.com/tsileo/blobstash"},"Go Template":{"Name":"","Location":"/tmp/scc-tmp-path-9/vendor/github.com/ugorji/go/codec/fast-path.go.tmpl","Filename":"fast-path.go.tmpl","Value":400,"Bytes":17185,"Lines":550,"Code":136,"Comment":400,"Blank":14,"Complexity":14,"Url":"https://github.com/disposaboy/margo"},"Gradle":{"Name":"","Location":"/tmp/scc-tmp-path-11/client/client/build.gradle","Filename":"build.gradle","Value":416,"Bytes":53609,"Lines":794,"Code":369,"Comment":416,"Blank":9,"Complexity":0,"Url":"https://github.com/wso2/emm-agent-android"},"Groovy":{"Name":"","Location":"/tmp/scc-tmp-path-16/tags/groovy","Filename":"groovy","Value":98985,"Bytes":16479667,"Lines":100297,"Code":1312,"Comment":98985,"Blank":0,"Complexity":4,"Url":"https://bitbucket.com/nfredricks/vim-files"},"HTML":{"Name":"","Location":"/tmp/scc-tmp-path-4/test/fixtures/todos_centros.html","Filename":"todos_centros.html","Value":366776,"Bytes":33194128,"Lines":825480,"Code":244668,"Comment":366776,"Blank":214036,"Complexity":0,"Url":"https://github.com/alvarobp/donde_estudio"},"Hamlet":{"Name":"","Location":"/tmp/scc-tmp-path-11/templates/upload.hamlet","Filename":"upload.hamlet","Value":90,"Bytes":6136,"Lines":174,"Code":66,"Comment":90,"Blank":18,"Complexity":3,"Url":"https://github.com/raphaelj/getwebborg"},"Handlebars":{"Name":"","Location":"/tmp/scc-tmp-path-0/views/Consent-Form.handlebars","Filename":"Consent-Form.handlebars","Value":714,"Bytes":33471,"Lines":836,"Code":100,"Comment":714,"Blank":22,"Complexity":3,"Url":"https://github.com/palanieswaran/cs247projectwebsite"},"Haskell":{"Name":"","Location":"/tmp/scc-tmp-path-12/src/Calculus/Dipole80.hs","Filename":"Dipole80.hs","Value":24245,"Bytes":1112687,"Lines":24379,"Code":125,"Comment":24245,"Blank":9,"Complexity":0,"Url":"https://github.com/weltensegler/zeno"},"Haxe":{"Name":"","Location":"/tmp/scc-tmp-path-8/src/com/sun/rowset/CachedRowSetImpl.hx","Filename":"CachedRowSetImpl.hx","Value":5438,"Bytes":290335,"Lines":6049,"Code":307,"Comment":5438,"Blank":304,"Complexity":0,"Url":"https://github.com/waneck/hx-javastd"},"IDL":{"Name":"","Location":"/tmp/scc-tmp-path-2/data/all-idls.idl","Filename":"all-idls.idl","Value":91771,"Bytes":5132783,"Lines":129435,"Code":26046,"Comment":91771,"Blank":11618,"Complexity":39,"Url":"https://github.com/brownplt/strobe"},"Idris":{"Name":"","Location":"/tmp/scc-tmp-path-7/Overview.idr","Filename":"Overview.idr","Value":637,"Bytes":33254,"Lines":743,"Code":70,"Comment":637,"Blank":36,"Complexity":0,"Url":"https://github.com/eckart/idris-tutorial"},"Isabelle":{"Name":"","Location":"/tmp/scc-tmp-path-28/isar/Pick.thy","Filename":"Pick.thy","Value":3690,"Bytes":186877,"Lines":3753,"Code":4,"Comment":3690,"Blank":59,"Complexity":0,"Url":"https://github.com/tangentstorm/tangentlabs"},"JAI":{"Name":"","Location":"/tmp/scc-tmp-path-16/src/thekla/thekla_atlas.jai","Filename":"thekla_atlas.jai","Value":1,"Bytes":2957,"Lines":109,"Code":86,"Comment":1,"Blank":22,"Complexity":1,"Url":"https://github.com/thekla/thekla_atlas"},"JSX":{"Name":"","Location":"/tmp/scc-tmp-path-18/default/ContactSheetII.jsx","Filename":"ContactSheetII.jsx","Value":2243,"Bytes":337279,"Lines":12102,"Code":7735,"Comment":2243,"Blank":2124,"Complexity":1492,"Url":"https://github.com/lezuse/photoshop-scripts"},"Jade":{"Name":"","Location":"/tmp/scc-tmp-path-31/zooid_web/views/control/index.jade","Filename":"index.jade","Value":432,"Bytes":19651,"Lines":587,"Code":3,"Comment":432,"Blank":152,"Complexity":0,"Url":"https://github.com/benbaker/zooid"},"Janet":{"Name":"","Location":"/tmp/scc-tmp-path-31/player/Janet","Filename":"Janet","Value":101,"Bytes":11208,"Lines":1158,"Code":957,"Comment":101,"Blank":100,"Complexity":0,"Url":"https://github.com/bianary/moosehead"},"Java":{"Name":"","Location":"/tmp/scc-tmp-path-17/IfcXML/src/org/tech/iai/ifc/xml/ifc/_2x3/final_/FinalPackage.java","Filename":"FinalPackage.java","Value":198035,"Bytes":8547733,"Lines":249625,"Code":25798,"Comment":198035,"Blank":25792,"Complexity":0,"Url":"https://github.com/christianharrington/mdd"},"JavaScript":{"Name":"","Location":"/tmp/scc-tmp-path-17/100MB.js","Filename":"100MB.js","Value":1165656,"Bytes":99369650,"Lines":2731133,"Code":1396987,"Comment":1165656,"Blank":168490,"Complexity":172126,"Url":"https://github.com/meotimdihia/pythontest"},"JavaServer Pages":{"Name":"","Location":"/tmp/scc-tmp-path-28/styles/sink_jq.jsp","Filename":"sink_jq.jsp","Value":3204,"Bytes":1332568,"Lines":28818,"Code":21675,"Comment":3204,"Blank":3939,"Complexity":3850,"Url":"https://github.com/builtlean/builtlean"},"Jinja":{"Name":"","Location":"/tmp/scc-tmp-path-9/playbooks/roles/php5/templates/etc/php5/fpm/php.ini.j2","Filename":"php.ini.j2","Value":1668,"Bytes":67264,"Lines":1900,"Code":178,"Comment":1668,"Blank":54,"Complexity":5,"Url":"https://github.com/dfederlein/ansible-aiua"},"Julia":{"Name":"","Location":"/tmp/scc-tmp-path-25/src/generated/PETScRealSingle.jl","Filename":"PETScRealSingle.jl","Value":9417,"Bytes":1041490,"Lines":16825,"Code":5928,"Comment":9417,"Blank":1480,"Complexity":0,"Url":"https://github.com/stevengj/petscjl"},"Julius":{"Name":"","Location":"/tmp/scc-tmp-path-0/julius/glMatrix.julius","Filename":"glMatrix.julius","Value":686,"Bytes":49314,"Lines":1838,"Code":958,"Comment":686,"Blank":194,"Complexity":100,"Url":"https://github.com/sseefried/play-space-online"},"Just":{"Name":"","Location":"/tmp/scc-tmp-path-7/api/graphql/Justfile","Filename":"Justfile","Value":46,"Bytes":2276,"Lines":95,"Code":31,"Comment":46,"Blank":18,"Complexity":0,"Url":"https://github.com/sporto/kic"},"Korn Shell":{"Name":"","Location":"/tmp/scc-tmp-path-11/usr/src/lib/brand/lx/zone/lx_distro_install.ksh","Filename":"lx_distro_install.ksh","Value":807,"Bytes":67466,"Lines":2772,"Code":1514,"Comment":807,"Blank":451,"Complexity":286,"Url":"https://github.com/filipinotech/illumos-gate"},"Kotlin":{"Name":"","Location":"/tmp/scc-tmp-path-3/libraries/stdlib/common/src/generated/_Arrays.kt","Filename":"_Arrays.kt","Value":5887,"Bytes":477740,"Lines":14396,"Code":7192,"Comment":5887,"Blank":1317,"Complexity":1618,"Url":"https://github.com/jetbrains/kotlin"},"LD Script":{"Name":"","Location":"/tmp/scc-tmp-path-14/arch/arm/kernel/vmlinux.lds","Filename":"vmlinux.lds","Value":727,"Bytes":33363,"Lines":833,"Code":102,"Comment":727,"Blank":4,"Complexity":0,"Url":"https://bitbucket.com/imoseyon/d2vzw-alpha"},"LESS":{"Name":"","Location":"/tmp/scc-tmp-path-3/lib/web/css/docs/source/_variables.less","Filename":"_variables.less","Value":7394,"Bytes":305174,"Lines":7395,"Code":0,"Comment":7394,"Blank":1,"Complexity":0,"Url":"https://github.com/2jdesign/magento2"},"LEX":{"Name":"","Location":"/tmp/scc-tmp-path-3/jsk_2015_06_hrp_drc/drc_task_common/euslisp/vehicle/polaris-xp900.l","Filename":"polaris-xp900.l","Value":457288,"Bytes":43082552,"Lines":616123,"Code":38806,"Comment":457288,"Blank":120029,"Complexity":0,"Url":"https://github.com/furushchev/jsk_demos"},"LOLCODE":{"Name":"","Location":"/tmp/scc-tmp-path-20/samples/LOLCODE/LOLTracer.lol","Filename":"LOLTracer.lol","Value":139,"Bytes":32116,"Lines":795,"Code":590,"Comment":139,"Blank":66,"Complexity":61,"Url":"https://bitbucket.com/animeshsinha/linguist-github"},"LaTeX":{"Name":"","Location":"/tmp/scc-tmp-path-23/demo/output/context/pm3dcolors.tex","Filename":"pm3dcolors.tex","Value":13092,"Bytes":2139667,"Lines":54753,"Code":41659,"Comment":13092,"Blank":2,"Complexity":0,"Url":"https://github.com/gnuplot/tex_demos"},"Lean":{"Name":"","Location":"/tmp/scc-tmp-path-4/library/data/list/perm.lean","Filename":"perm.lean","Value":642,"Bytes":41626,"Lines":931,"Code":228,"Comment":642,"Blank":61,"Complexity":0,"Url":"https://bitbucket.com/leanprover/lean"},"Lisp":{"Name":"","Location":"/tmp/scc-tmp-path-20/km_2-5-33.lisp","Filename":"km_2-5-33.lisp","Value":27579,"Bytes":1517171,"Lines":27957,"Code":294,"Comment":27579,"Blank":84,"Complexity":0,"Url":"https://github.com/mbcode/kmb"},"Lua":{"Name":"","Location":"/tmp/scc-tmp-path-30/scripts/object/mobile/objects.lua","Filename":"objects.lua","Value":205006,"Bytes":6493034,"Lines":220620,"Code":10404,"Comment":205006,"Blank":5210,"Complexity":0,"Url":"https://github.com/kinshi/tarkin_scripts"},"Lucius":{"Name":"","Location":"/tmp/scc-tmp-path-14/templates/bootstrap.lucius","Filename":"bootstrap.lucius","Value":404,"Bytes":92639,"Lines":3992,"Code":3574,"Comment":404,"Blank":14,"Complexity":0,"Url":"https://github.com/dsmatter/timetracker"},"Luna":{"Name":"","Location":"/tmp/scc-tmp-path-30/stdlib/Std/src/Base.luna","Filename":"Base.luna","Value":2542,"Bytes":107360,"Lines":3731,"Code":846,"Comment":2542,"Blank":343,"Complexity":0,"Url":"https://github.com/luna/luna"},"MQL Header":{"Name":"","Location":"/tmp/scc-tmp-path-14/IncGUI.mqh","Filename":"IncGUI.mqh","Value":2352,"Bytes":171885,"Lines":3544,"Code":777,"Comment":2352,"Blank":415,"Complexity":27,"Url":"https://github.com/ro31337/romanpushkin-dailygrid"},"MQL4":{"Name":"","Location":"/tmp/scc-tmp-path-26/PhD Appsolute System.mq4","Filename":"PhD Appsolute System.mq4","Value":2061,"Bytes":433413,"Lines":11280,"Code":6193,"Comment":2061,"Blank":3026,"Complexity":2738,"Url":"https://github.com/lvcster/java-examples"},"MQL5":{"Name":"","Location":"/tmp/scc-tmp-path-5/MQL5/Experts/Zigzag/ZigzagPattern_oldest.mq5","Filename":"ZigzagPattern_oldest.mq5","Value":282,"Bytes":26740,"Lines":783,"Code":413,"Comment":282,"Blank":88,"Complexity":88,"Url":"https://github.com/dennislwm/mlea"},"MSBuild":{"Name":"","Location":"/tmp/scc-tmp-path-15/crypto/ncrypto.csproj","Filename":"ncrypto.csproj","Value":11302,"Bytes":687267,"Lines":16875,"Code":5573,"Comment":11302,"Blank":0,"Complexity":0,"Url":"https://github.com/muraad/bc-csharp"},"MUMPS":{"Name":"","Location":"/tmp/scc-tmp-path-7/rel/files/mps","Filename":"mps","Value":11,"Bytes":4370,"Lines":156,"Code":121,"Comment":11,"Blank":24,"Complexity":15,"Url":"https://github.com/milindparikh/mps"},"Madlang":{"Name":"","Location":"/tmp/scc-tmp-path-12/15March/.config.mad","Filename":".config.mad","Value":1137,"Bytes":48390,"Lines":2024,"Code":775,"Comment":1137,"Blank":112,"Complexity":0,"Url":"https://github.com/madrocker/kernels"},"Makefile":{"Name":"","Location":"/tmp/scc-tmp-path-5/misc/wxWidgets/stc/lexer/Makefile","Filename":"Makefile","Value":9204,"Bytes":1803262,"Lines":41495,"Code":23852,"Comment":9204,"Blank":8439,"Complexity":52,"Url":"https://github.com/objeck/objeck-lang"},"Mako":{"Name":"","Location":"/tmp/scc-tmp-path-22/www/jobs.mako","Filename":"jobs.mako","Value":950,"Bytes":182071,"Lines":1840,"Code":852,"Comment":950,"Blank":38,"Complexity":6,"Url":"https://github.com/andrewsallans/centerforopenscienceorg"},"Meson":{"Name":"","Location":"/tmp/scc-tmp-path-22/meson.build","Filename":"meson.build","Value":306,"Bytes":44622,"Lines":1413,"Code":960,"Comment":306,"Blank":147,"Complexity":167,"Url":"https://github.com/tieto/pidgin"},"Modula3":{"Name":"","Location":"/tmp/scc-tmp-path-20/build/linux/work/DJGPP/info/gdb.i3","Filename":"gdb.i3","Value":3124,"Bytes":277307,"Lines":6665,"Code":3097,"Comment":3124,"Blank":444,"Complexity":221,"Url":"https://github.com/jeffmendoza/86duino"},"Module-Definition":{"Name":"","Location":"/tmp/scc-tmp-path-19/apr/top_level.final.def","Filename":"top_level.final.def","Value":139150,"Bytes":16985781,"Lines":385113,"Code":245952,"Comment":139150,"Blank":11,"Complexity":0,"Url":"https://github.com/msherman13/e6321_top_half"},"Monkey C":{"Name":"","Location":"/tmp/scc-tmp-path-16/mesh-1.4/mesh/perl/mc","Filename":"mc","Value":5044,"Bytes":303162,"Lines":10002,"Code":4611,"Comment":5044,"Blank":347,"Complexity":672,"Url":"https://github.com/nasahackto/mesh"},"Mustache":{"Name":"","Location":"/tmp/scc-tmp-path-21/admin/tool/analytics/templates/models_list.mustache","Filename":"models_list.mustache","Value":141,"Bytes":10350,"Lines":260,"Code":114,"Comment":141,"Blank":5,"Complexity":3,"Url":"https://bitbucket.com/moodle/moodle"},"Nim":{"Name":"","Location":"/tmp/scc-tmp-path-6/disas.nim","Filename":"disas.nim","Value":4547,"Bytes":877768,"Lines":7364,"Code":2810,"Comment":4547,"Blank":7,"Complexity":1098,"Url":"https://github.com/comex/imaon"},"Nix":{"Name":"","Location":"/tmp/scc-tmp-path-4/nix","Filename":"nix","Value":19605,"Bytes":19057601,"Lines":59961,"Code":40303,"Comment":19605,"Blank":53,"Complexity":12,"Url":"https://github.com/matthewbauer/matthewbauerhubio"},"OCaml":{"Name":"","Location":"/tmp/scc-tmp-path-5/examples/00036_mandelbrot/code_new.ml","Filename":"code_new.ml","Value":13648,"Bytes":672313,"Lines":13688,"Code":35,"Comment":13648,"Blank":5,"Complexity":9,"Url":"https://github.com/camlspotter/ocamlpro-ocaml-branch"},"Objective C":{"Name":"","Location":"/tmp/scc-tmp-path-23/joblog/job_sub011.m","Filename":"job_sub011.m","Value":44788,"Bytes":3238193,"Lines":46896,"Code":1917,"Comment":44788,"Blank":191,"Complexity":0,"Url":"https://github.com/jmcarp/fmri-pipe"},"Objective C++":{"Name":"","Location":"/tmp/scc-tmp-path-2/test/Analysis/edges-new.mm","Filename":"edges-new.mm","Value":20789,"Bytes":941546,"Lines":21346,"Code":450,"Comment":20789,"Blank":107,"Complexity":74,"Url":"https://github.com/antonbikineev/clang"},"Opalang":{"Name":"","Location":"/tmp/scc-tmp-path-29/lib/stdlib/core/i18n/i18n_language.opa","Filename":"i18n_language.opa","Value":7860,"Bytes":208360,"Lines":7879,"Code":15,"Comment":7860,"Blank":4,"Complexity":2,"Url":"https://github.com/ajbetteridge/opalang"},"Org":{"Name":"","Location":"/tmp/scc-tmp-path-12/doc/lens-wsn.org","Filename":"lens-wsn.org","Value":2417,"Bytes":496674,"Lines":24132,"Code":10677,"Comment":2417,"Blank":11038,"Complexity":306,"Url":"https://github.com/willijar/lens"},"Oz":{"Name":"","Location":"/tmp/scc-tmp-path-5/perfs/timing.oz","Filename":"timing.oz","Value":2946,"Bytes":61300,"Lines":2993,"Code":38,"Comment":2946,"Blank":9,"Complexity":4,"Url":"https://github.com/raphinou/oz-compiler"},"PHP":{"Name":"","Location":"/tmp/scc-tmp-path-4/site/classes/lib/cool-php-captcha/resources/words/lt.php","Filename":"lt.php","Value":295054,"Bytes":3239964,"Lines":295056,"Code":2,"Comment":295054,"Blank":0,"Complexity":0,"Url":"https://github.com/easyvyc/easywebmanager"},"PSL Assertion":{"Name":"","Location":"/tmp/scc-tmp-path-21/url/psl/2016-08-16.psl","Filename":"2016-08-16.psl","Value":2011,"Bytes":188265,"Lines":11720,"Code":8030,"Comment":2011,"Blank":1679,"Complexity":0,"Url":"https://github.com/seomoz/url-py"},"Pascal":{"Name":"","Location":"/tmp/scc-tmp-path-27/library/r4/FHIR.R4.Resources.pas","Filename":"FHIR.R4.Resources.pas","Value":363289,"Bytes":14354478,"Lines":363291,"Code":1,"Comment":363289,"Blank":1,"Complexity":0,"Url":"https://github.com/grahamegrieve/fhirserver"},"Perl":{"Name":"","Location":"/tmp/scc-tmp-path-9/vendor/lf_aligner_3.12/scripts/LF_aligner_3.12_with_modules.pl","Filename":"LF_aligner_3.12_with_modules.pl","Value":18013,"Bytes":1889436,"Lines":54806,"Code":28713,"Comment":18013,"Blank":8080,"Complexity":2418,"Url":"https://github.com/imazen/repositext"},"Pony":{"Name":"","Location":"/tmp/scc-tmp-path-28/scripts/maps/demomap/scenery.pony","Filename":"scenery.pony","Value":252,"Bytes":68142,"Lines":1497,"Code":994,"Comment":252,"Blank":251,"Complexity":0,"Url":"https://bitbucket.com/thecomet/ponycraft-prototype"},"Powershell":{"Name":"","Location":"/tmp/scc-tmp-path-22/mail_imap.ps1","Filename":"mail_imap.ps1","Value":10798,"Bytes":701498,"Lines":11846,"Code":1005,"Comment":10798,"Blank":43,"Complexity":46,"Url":"https://github.com/uti7/foo"},"Processing":{"Name":"","Location":"/tmp/scc-tmp-path-31/mario/testcode.pde","Filename":"testcode.pde","Value":2014,"Bytes":179322,"Lines":6317,"Code":3530,"Comment":2014,"Blank":773,"Complexity":551,"Url":"https://github.com/alexisgrinbold/pjs-2d-game-engine"},"Prolog":{"Name":"","Location":"/tmp/scc-tmp-path-28/ts-with-score-multiplier.p","Filename":"ts-with-score-multiplier.p","Value":5603870,"Bytes":51681412,"Lines":7077497,"Code":1473627,"Comment":5603870,"Blank":0,"Complexity":0,"Url":"https://github.com/ncvc/sentiment"},"Properties File":{"Name":"","Location":"/tmp/scc-tmp-path-15/l10n/5.6/messages_ar_SA.properties","Filename":"messages_ar_SA.properties","Value":13074,"Bytes":1169550,"Lines":24396,"Code":5874,"Comment":13074,"Blank":5448,"Complexity":0,"Url":"https://github.com/open-wide/owsi-nuxeo-translations-explorer"},"Protocol Buffers":{"Name":"","Location":"/tmp/scc-tmp-path-18/proto/src/metrics_constants.proto","Filename":"metrics_constants.proto","Value":3682,"Bytes":221121,"Lines":6517,"Code":1447,"Comment":3682,"Blank":1388,"Complexity":0,"Url":"https://github.com/nospamdan/frameworks_base"},"Puppet":{"Name":"","Location":"/tmp/scc-tmp-path-1/sqlite3.c.pp","Filename":"sqlite3.c.pp","Value":63656,"Bytes":5187987,"Lines":202589,"Code":120153,"Comment":63656,"Blank":18780,"Complexity":25753,"Url":"https://github.com/joliebig/crefactor-sqliteevaluation"},"PureScript":{"Name":"","Location":"/tmp/scc-tmp-path-13/src/Data/Array.purs","Filename":"Array.purs","Value":631,"Bytes":33919,"Lines":1123,"Code":385,"Comment":631,"Blank":107,"Complexity":8,"Url":"https://github.com/purescript/purescript-arrays"},"Python":{"Name":"","Location":"/tmp/scc-tmp-path-20/Untitled0.py","Filename":"Untitled0.py","Value":1663466,"Bytes":20060816,"Lines":1663579,"Code":50,"Comment":1663466,"Blank":63,"Complexity":7,"Url":"https://github.com/maxsong123/bearded-wight"},"Q#":{"Name":"","Location":"/tmp/scc-tmp-path-3/direccion/analisis/scripts/in_navegador.qs","Filename":"in_navegador.qs","Value":1568,"Bytes":338650,"Lines":10025,"Code":7718,"Comment":1568,"Blank":739,"Complexity":1197,"Url":"https://github.com/siagal/eneboo-modules"},"QCL":{"Name":"","Location":"/tmp/scc-tmp-path-15/mylib2/mod.qcl","Filename":"mod.qcl","Value":88,"Bytes":6731,"Lines":255,"Code":128,"Comment":88,"Blank":39,"Complexity":25,"Url":"https://github.com/unixpickle/quantumprogramming"},"QML":{"Name":"","Location":"/tmp/scc-tmp-path-28/qml/MainFULL.qml","Filename":"MainFULL.qml","Value":1078,"Bytes":252918,"Lines":3929,"Code":2312,"Comment":1078,"Blank":539,"Complexity":383,"Url":"https://bitbucket.com/patrickfi/combinedindirectgestures"},"R":{"Name":"","Location":"/tmp/scc-tmp-path-6/R/PhyloSimSource.R","Filename":"PhyloSimSource.R","Value":26023,"Bytes":1074046,"Lines":51533,"Code":22257,"Comment":26023,"Blank":3253,"Complexity":2872,"Url":"https://github.com/cran/phylosim"},"Rakefile":{"Name":"","Location":"/tmp/scc-tmp-path-18/lib/tasks/samples.rake","Filename":"samples.rake","Value":1509,"Bytes":64756,"Lines":1619,"Code":46,"Comment":1509,"Blank":64,"Complexity":0,"Url":"https://github.com/ccls/odms"},"Razor":{"Name":"","Location":"/tmp/scc-tmp-path-18/Epilogger.Web/Views/Home/Privacy.cshtml","Filename":"Privacy.cshtml","Value":4092,"Bytes":143561,"Lines":4574,"Code":423,"Comment":4092,"Blank":59,"Complexity":20,"Url":"https://github.com/jonezy/epilogger"},"Report Definition Language":{"Name":"","Location":"/tmp/scc-tmp-path-1/idx/rdl/example.rdl","Filename":"example.rdl","Value":4,"Bytes":979,"Lines":49,"Code":31,"Comment":4,"Blank":14,"Complexity":0,"Url":"https://github.com/jayaddison/autochef"},"Ruby":{"Name":"","Location":"/tmp/scc-tmp-path-23/app/models/bigfile.rb","Filename":"bigfile.rb","Value":50000,"Bytes":3898894,"Lines":50000,"Code":0,"Comment":50000,"Blank":0,"Complexity":0,"Url":"https://github.com/pburba/demo_app"},"Ruby HTML":{"Name":"","Location":"/tmp/scc-tmp-path-20/Presentations/Final Oral/FinalOral-Old.Rhtml","Filename":"FinalOral-Old.Rhtml","Value":2061,"Bytes":197008,"Lines":4376,"Code":2021,"Comment":2061,"Blank":294,"Complexity":34,"Url":"https://github.com/srvanderplas/dissertation"},"Rust":{"Name":"","Location":"/tmp/scc-tmp-path-12/third_party/rust/lalrpop-snap/src/parser/lrgrammar.rs","Filename":"lrgrammar.rs","Value":5150,"Bytes":2999446,"Lines":62118,"Code":56164,"Comment":5150,"Blank":804,"Complexity":322,"Url":"https://github.com/autonome/gecko-dev"},"SAS":{"Name":"","Location":"/tmp/scc-tmp-path-19/sas-checkstyle/src/main/resources/202_002_Stream_DQ_DRVT.sas","Filename":"202_002_Stream_DQ_DRVT.sas","Value":5597,"Bytes":1417873,"Lines":40615,"Code":30050,"Comment":5597,"Blank":4968,"Complexity":1843,"Url":"https://github.com/ikonovalov/sas-bug"},"SKILL":{"Name":"","Location":"/tmp/scc-tmp-path-22/_src/destub/src/DT_destub.il","Filename":"DT_destub.il","Value":1181,"Bytes":235364,"Lines":5025,"Code":3574,"Comment":1181,"Blank":270,"Complexity":109,"Url":"https://github.com/saycv/saycv_cadence_skillmngt"},"SQL":{"Name":"","Location":"/tmp/scc-tmp-path-6/FS-Test/share/test.sql","Filename":"test.sql","Value":858993,"Bytes":59711872,"Lines":921540,"Code":53763,"Comment":858993,"Blank":8784,"Complexity":28,"Url":"https://github.com/freeside/freeside"},"SRecode Template":{"Name":"","Location":"/tmp/scc-tmp-path-0/emacs.d/plugins/cedet/srecode/templates/srecode-test.srt","Filename":"srecode-test.srt","Value":35,"Bytes":4358,"Lines":221,"Code":158,"Comment":35,"Blank":28,"Complexity":0,"Url":"https://bitbucket.com/andrewjchen/dotfiles"},"SVG":{"Name":"","Location":"/tmp/scc-tmp-path-0/Interleaves/alt/p4-s3_I369600.svg","Filename":"p4-s3_I369600.svg","Value":1107955,"Bytes":507593387,"Lines":5540543,"Code":4432588,"Comment":1107955,"Blank":0,"Complexity":0,"Url":"https://bitbucket.com/nicholma/cs4021-advanced-architecture-misc"},"Sass":{"Name":"","Location":"/tmp/scc-tmp-path-29/OpsBench/ma-thesis/bench/results/instruction/sm30_kernels.sass","Filename":"sm30_kernels.sass","Value":30306,"Bytes":25847506,"Lines":243092,"Code":212601,"Comment":30306,"Blank":185,"Complexity":1,"Url":"https://github.com/wangbiaouestc/clpeak"},"Scala":{"Name":"","Location":"/tmp/scc-tmp-path-6/CTypeChecker/src/test/scala/de/fosd/typechef/typesystem/generated/GeneratedRedeclTests.scala","Filename":"GeneratedRedeclTests.scala","Value":24647,"Bytes":1389474,"Lines":46417,"Code":17581,"Comment":24647,"Blank":4189,"Complexity":0,"Url":"https://github.com/ajanker/typechef"},"Scheme":{"Name":"","Location":"/tmp/scc-tmp-path-12/3rd/s7/s7test.scm","Filename":"s7test.scm","Value":88907,"Bytes":5127841,"Lines":90082,"Code":1032,"Comment":88907,"Blank":143,"Complexity":79,"Url":"https://github.com/mojmir-svoboda/dbgtoolkit"},"Scons":{"Name":"","Location":"/tmp/scc-tmp-path-24/SConstruct","Filename":"SConstruct","Value":716,"Bytes":149619,"Lines":3965,"Code":2753,"Comment":716,"Blank":496,"Complexity":412,"Url":"https://github.com/ajdavis/mongo"},"Shell":{"Name":"","Location":"/tmp/scc-tmp-path-20/out/add_commitids_to_src.sh","Filename":"add_commitids_to_src.sh","Value":179223,"Bytes":79654932,"Lines":1274873,"Code":1095646,"Comment":179223,"Blank":4,"Complexity":2,"Url":"https://github.com/jcs/openbsd-commitid"},"Smarty Template":{"Name":"","Location":"/tmp/scc-tmp-path-3/themes/Ensau.tpl","Filename":"Ensau.tpl","Value":965,"Bytes":307150,"Lines":7421,"Code":5846,"Comment":965,"Blank":610,"Complexity":977,"Url":"https://github.com/poganini/ee"},"Softbridge Basic":{"Name":"","Location":"/tmp/scc-tmp-path-16/algorithms/greek.sbl","Filename":"greek.sbl","Value":192,"Bytes":26870,"Lines":706,"Code":465,"Comment":192,"Blank":49,"Complexity":2,"Url":"https://github.com/snowballstem/snowball"},"Specman e":{"Name":"","Location":"/tmp/scc-tmp-path-26/mybin/se/macros/sysobjs.e","Filename":"sysobjs.e","Value":65146,"Bytes":3136090,"Lines":119190,"Code":53817,"Comment":65146,"Blank":227,"Complexity":102,"Url":"https://github.com/shihyu/mytool"},"Spice Netlist":{"Name":"","Location":"/tmp/scc-tmp-path-29/Lib/APEXLINEAR.ckt","Filename":"APEXLINEAR.ckt","Value":1114,"Bytes":137422,"Lines":6156,"Code":5042,"Comment":1114,"Blank":0,"Complexity":0,"Url":"https://github.com/gauxonz/prp_2013"},"Standard ML (SML)":{"Name":"","Location":"/tmp/scc-tmp-path-16/unmaintained/Net/TCP/Spec2/TCP1_hostLTSScript.sml","Filename":"TCP1_hostLTSScript.sml","Value":10790,"Bytes":780221,"Lines":18612,"Code":5733,"Comment":10790,"Blank":2089,"Complexity":302,"Url":"https://github.com/petersewell/netsem"},"Stata":{"Name":"","Location":"/tmp/scc-tmp-path-17/R2_2cleaningprocess.do","Filename":"R2_2cleaningprocess.do","Value":2660,"Bytes":179639,"Lines":4956,"Code":1733,"Comment":2660,"Blank":563,"Complexity":679,"Url":"https://github.com/ibli/ibli_borena_hh_survey"},"Stylus":{"Name":"","Location":"/tmp/scc-tmp-path-23/bitpop_specific/extensions/bittorrent_surf/app/popup/popup.styl","Filename":"popup.styl","Value":1550,"Bytes":66175,"Lines":3188,"Code":1292,"Comment":1550,"Blank":346,"Complexity":0,"Url":"https://github.com/leiferikb/bitpop-private"},"Swift":{"Name":"","Location":"/tmp/scc-tmp-path-16/Sources/Models/CodeSystems.swift","Filename":"CodeSystems.swift","Value":6847,"Bytes":500530,"Lines":14278,"Code":3715,"Comment":6847,"Blank":3716,"Complexity":0,"Url":"https://github.com/smart-on-fhir/swift-fhir"},"Swig":{"Name":"","Location":"/tmp/scc-tmp-path-18/xml_files/CIDE.I","Filename":"CIDE.I","Value":37235,"Bytes":2514921,"Lines":37382,"Code":118,"Comment":37235,"Blank":29,"Complexity":0,"Url":"https://bitbucket.com/abellnets/hrossparser"},"SystemVerilog":{"Name":"","Location":"/tmp/scc-tmp-path-5/mkToplevelBT64.v","Filename":"mkToplevelBT64.v","Value":338042,"Bytes":11391638,"Lines":351232,"Code":10539,"Comment":338042,"Blank":2651,"Complexity":810,"Url":"https://github.com/t-crest/bluetree"},"TCL":{"Name":"","Location":"/tmp/scc-tmp-path-16/Logic/68030_TK.tcl","Filename":"68030_TK.tcl","Value":20616,"Bytes":10628429,"Lines":433839,"Code":392945,"Comment":20616,"Blank":20278,"Complexity":136578,"Url":"https://github.com/mheinrichs/68030tk"},"TOML":{"Name":"","Location":"/tmp/scc-tmp-path-20/golang/20170420_go_reverseproxy_traefik/traefik.toml","Filename":"traefik.toml","Value":938,"Bytes":26966,"Lines":1124,"Code":28,"Comment":938,"Blank":158,"Complexity":0,"Url":"https://github.com/chuqingq/codeeveryday"},"TeX":{"Name":"","Location":"/tmp/scc-tmp-path-26/hyperref.sty","Filename":"hyperref.sty","Value":8591,"Bytes":920792,"Lines":27554,"Code":18961,"Comment":8591,"Blank":2,"Complexity":28,"Url":"https://github.com/delcmo/dissertation"},"Thrift":{"Name":"","Location":"/tmp/scc-tmp-path-1/src/NoteStore.thrift","Filename":"NoteStore.thrift","Value":3377,"Bytes":168926,"Lines":4181,"Code":684,"Comment":3377,"Blank":120,"Complexity":0,"Url":"https://github.com/evernote/evernote-thrift"},"TypeScript":{"Name":"","Location":"/tmp/scc-tmp-path-28/tests/cases/fourslash/reallyLargeFile.ts","Filename":"reallyLargeFile.ts","Value":583708,"Bytes":3502395,"Lines":583712,"Code":2,"Comment":583708,"Blank":2,"Complexity":0,"Url":"https://github.com/forivall/typescript"},"TypeScript Typings":{"Name":"","Location":"/tmp/scc-tmp-path-22/DojoTypeDescriptor/Scripts/typings/dojox.d.ts","Filename":"dojox.d.ts","Value":291002,"Bytes":19514050,"Lines":384171,"Code":92840,"Comment":291002,"Blank":329,"Complexity":8786,"Url":"https://github.com/vansimke/dojotypedescriptiongenerator"},"Unreal Script":{"Name":"","Location":"/tmp/scc-tmp-path-10/src/Hostile Worlds/Development/Src/Engine/Classes/UIRoot.uc","Filename":"UIRoot.uc","Value":2449,"Bytes":185845,"Lines":5049,"Code":1922,"Comment":2449,"Blank":678,"Complexity":108,"Url":"https://github.com/arcaneflux/hostile-worlds"},"Ur/Web":{"Name":"","Location":"/tmp/scc-tmp-path-15/initial.ur","Filename":"initial.ur","Value":1018,"Bytes":26396,"Lines":1238,"Code":202,"Comment":1018,"Blank":18,"Complexity":0,"Url":"https://github.com/vagoff/the-matrix"},"Ur/Web Project":{"Name":"","Location":"/tmp/scc-tmp-path-30/reader.urp","Filename":"reader.urp","Value":22,"Bytes":11134,"Lines":346,"Code":323,"Comment":22,"Blank":1,"Complexity":0,"Url":"https://github.com/huluwa/bazqux-urweb"},"V":{"Name":"","Location":"/tmp/scc-tmp-path-7/tests/ARTIETests/testfiles/TestDataset01-functional.v","Filename":"TestDataset01-functional.v","Value":201973,"Bytes":64898063,"Lines":277381,"Code":75206,"Comment":201973,"Blank":202,"Complexity":0,"Url":"https://github.com/bart-group/bart"},"VHDL":{"Name":"","Location":"/tmp/scc-tmp-path-0/mapped/cpuTest.vhd","Filename":"cpuTest.vhd","Value":107882,"Bytes":19889903,"Lines":442043,"Code":290219,"Comment":107882,"Blank":43942,"Complexity":0,"Url":"https://github.com/mbarga/archive-cpu"},"Vala":{"Name":"","Location":"/tmp/scc-tmp-path-11/src/puzzle-piece.vala","Filename":"puzzle-piece.vala","Value":968,"Bytes":43182,"Lines":1363,"Code":210,"Comment":968,"Blank":185,"Complexity":7,"Url":"https://github.com/kamilprusko/puzzle"},"Varnish Configuration":{"Name":"","Location":"/tmp/scc-tmp-path-14/vcl/breach/46_slr_et_rfi_attacks.vcl","Filename":"46_slr_et_rfi_attacks.vcl","Value":3924,"Bytes":133378,"Lines":4443,"Code":518,"Comment":3924,"Blank":1,"Complexity":0,"Url":"https://github.com/aureq/securityvcl"},"Verilog":{"Name":"","Location":"/tmp/scc-tmp-path-1/synthVdotP/CVP14_synth.vg","Filename":"CVP14_synth.vg","Value":264649,"Bytes":18489553,"Lines":310336,"Code":44857,"Comment":264649,"Blank":830,"Complexity":0,"Url":"https://github.com/krios262/551project"},"Vertex Shader File":{"Name":"","Location":"/tmp/scc-tmp-path-25/FlipMobiPhone/cocos3d/GLSL/CC3TexturableRigidBones.vsh","Filename":"CC3TexturableRigidBones.vsh","Value":205,"Bytes":21777,"Lines":468,"Code":194,"Comment":205,"Blank":69,"Complexity":34,"Url":"https://bitbucket.com/arif_uap/flipmymob-social-madness-iphone"},"Visual Basic":{"Name":"","Location":"/tmp/scc-tmp-path-23/MapWindow/Classes/Projections/clsProjections.vb","Filename":"clsProjections.vb","Value":20641,"Bytes":1141341,"Lines":20686,"Code":1,"Comment":20641,"Blank":44,"Complexity":0,"Url":"https://github.com/celinak/directobservationtoolsforwindows"},"Visual Basic for Applications":{"Name":"","Location":"/tmp/scc-tmp-path-19/Source/Data Manager/Back End/HL7xmlBuilder.cls","Filename":"HL7xmlBuilder.cls","Value":2987,"Bytes":416447,"Lines":10415,"Code":6000,"Comment":2987,"Blank":1428,"Complexity":0,"Url":"https://bitbucket.com/ckuyehar/openahlta"},"Vue":{"Name":"","Location":"/tmp/scc-tmp-path-12/examples/routers/form.vue","Filename":"form.vue","Value":418,"Bytes":26840,"Lines":503,"Code":75,"Comment":418,"Blank":10,"Complexity":0,"Url":"https://github.com/iview/iview"},"Wolfram":{"Name":"","Location":"/tmp/scc-tmp-path-26/LinKnots/K2KL.nb","Filename":"K2KL.nb","Value":90224,"Bytes":2682072,"Lines":92774,"Code":2251,"Comment":90224,"Blank":299,"Complexity":0,"Url":"https://github.com/gillespie/torsions"},"Wren":{"Name":"","Location":"/tmp/scc-tmp-path-19/test/limit/many_globals.wren","Filename":"many_globals.wren","Value":61388,"Bytes":1549676,"Lines":65488,"Code":4097,"Comment":61388,"Blank":3,"Complexity":0,"Url":"https://github.com/munificent/wren"},"XAML":{"Name":"","Location":"/tmp/scc-tmp-path-8/MyStik/RaumPlan/Raumplan.xaml","Filename":"Raumplan.xaml","Value":4193,"Bytes":1296267,"Lines":13520,"Code":5038,"Comment":4193,"Blank":4289,"Complexity":0,"Url":"https://github.com/pittruff/mystik"},"XCode Config":{"Name":"","Location":"/tmp/scc-tmp-path-4/config/Project-Shared.xcconfig","Filename":"Project-Shared.xcconfig","Value":265,"Bytes":14328,"Lines":522,"Code":59,"Comment":265,"Blank":198,"Complexity":0,"Url":"https://github.com/krzyzanowskim/cryptoswift"},"XML":{"Name":"","Location":"/tmp/scc-tmp-path-14/QA/CommonDataLayer/Test1-CDL-soapui-project.xml","Filename":"Test1-CDL-soapui-project.xml","Value":411321,"Bytes":107334471,"Lines":1407296,"Code":995641,"Comment":411321,"Blank":334,"Complexity":0,"Url":"https://github.com/cyberdrcarr/knowledgemanagementframework"},"Xtend":{"Name":"","Location":"/tmp/scc-tmp-path-10/api/src/main/java/com/blockwithme/meta/Properties.xtend","Filename":"Properties.xtend","Value":1363,"Bytes":178161,"Lines":4964,"Code":2879,"Comment":1363,"Blank":722,"Complexity":287,"Url":"https://github.com/skunkiferous/meta"},"YAML":{"Name":"","Location":"/tmp/scc-tmp-path-22/data/fixtures/ciudades.yml","Filename":"ciudades.yml","Value":27168,"Bytes":479113,"Lines":28574,"Code":1001,"Comment":27168,"Blank":405,"Complexity":0,"Url":"https://github.com/mariouriarte/anbeed"},"Zig":{"Name":"","Location":"/tmp/scc-tmp-path-21/Games/Tetris-zig/src/main.zig","Filename":"main.zig","Value":12,"Bytes":28351,"Lines":903,"Code":757,"Comment":12,"Blank":134,"Complexity":115,"Url":"https://github.com/aurametrix/aurametrixhubio"},"Zsh":{"Name":"","Location":"/tmp/scc-tmp-path-20/.zshrc","Filename":".zshrc","Value":1588,"Bytes":91213,"Lines":1828,"Code":153,"Comment":1588,"Blank":87,"Complexity":2,"Url":"https://github.com/saizai/dotfiles"},"gitignore":{"Name":"","Location":"/tmp/scc-tmp-path-30/.gitignore","Filename":".gitignore","Value":880,"Bytes":78816,"Lines":3062,"Code":1302,"Comment":880,"Blank":880,"Complexity":0,"Url":"https://github.com/michalsc/aros"},"ignore":{"Name":"","Location":"/tmp/scc-tmp-path-26/.ignore","Filename":".ignore","Value":60,"Bytes":2395,"Lines":99,"Code":17,"Comment":60,"Blank":22,"Complexity":0,"Url":"https://github.com/wy8023b/ka7ku"},"m4":{"Name":"","Location":"/tmp/scc-tmp-path-21/python/atizer/m4/m4/ax.m4","Filename":"ax.m4","Value":22675,"Bytes":1741781,"Lines":47828,"Code":22070,"Comment":22675,"Blank":3083,"Complexity":0,"Url":"https://github.com/tjgiese/atizer"},"nuspec":{"Name":"","Location":"/tmp/scc-tmp-path-14/nuget/Xamarin.Auth.XamarinForms.nuspec","Filename":"Xamarin.Auth.XamarinForms.nuspec","Value":156,"Bytes":7318,"Lines":271,"Code":108,"Comment":156,"Blank":7,"Complexity":0,"Url":"https://github.com/prashantvc/xamarinauth"},"sed":{"Name":"","Location":"/tmp/scc-tmp-path-24/MiBench/office/ghostscript/src/Makefile.sed","Filename":"Makefile.sed","Value":1554,"Bytes":198729,"Lines":5665,"Code":2884,"Comment":1554,"Blank":1227,"Complexity":22,"Url":"https://github.com/alexjordan/patmos-benchmarks"}}