{"ABAP":{"Name":"","Location":"/tmp/scc-tmp-path-20/ZBCS01Reports/ZRFFORI99.abap","Filename":"ZRFFORI99.abap","Value":244,"Bytes":156054,"Lines":4446,"Code":2796,"Comment":1000,"Blank":650,"Complexity":0,"Url":"https://github.com/yetaai/sap"},"ASP":{"Name":"","Location":"/tmp/scc-tmp-path-5/mylib.asp","Filename":"mylib.asp","Value":3149,"Bytes":391005,"Lines":10787,"Code":9587,"Comment":0,"Blank":1200,"Complexity":0,"Url":"https://github.com/cinsoft/my-library"},"ASP.NET":{"Name":"","Location":"/tmp/scc-tmp-path-10/components/developer/gcc-7/test/results-i386.master","Filename":"results-i386.master","Value":164528,"Bytes":18408911,"Lines":224117,"Code":224047,"Comment":0,"Blank":70,"Complexity":0,"Url":"https://github.com/openindiana/oi-userland"},"ATS":{"Name":"","Location":"/tmp/scc-tmp-path-30/src/ats_staexp2_util1.dats","Filename":"ats_staexp2_util1.dats","Value":311,"Bytes":73420,"Lines":2322,"Code":1900,"Comment":243,"Blank":179,"Complexity":0,"Url":"https://github.com/alex-ren/atstools"},"ActionScript":{"Name":"","Location":"/tmp/scc-tmp-path-3/avmplus/test/acceptance/as3/Definitions/FunctionAccessors/AccessorSpray.as","Filename":"AccessorSpray.as","Value":10804,"Bytes":619468,"Lines":6811,"Code":5750,"Comment":29,"Blank":1032,"Complexity":0,"Url":"https://github.com/3bu1/crossbridge"},"Ada":{"Name":"","Location":"/tmp/scc-tmp-path-10/src/uk/raw/bhps/bhps-print_full_version.adb","Filename":"bhps-print_full_version.adb","Value":3961,"Bytes":814840,"Lines":11883,"Code":11717,"Comment":3,"Blank":163,"Complexity":0,"Url":"https://github.com/grahamstark/tax_benefit_model_components"},"Agda":{"Name":"","Location":"/tmp/scc-tmp-path-4/core/lib/cubical/Square.agda","Filename":"Square.agda","Value":491,"Bytes":37789,"Lines":847,"Code":691,"Comment":15,"Blank":141,"Complexity":0,"Url":"https://github.com/hott/hott-agda"},"Alchemist":{"Name":"","Location":"scc-tmp-path/examples/language/alchemist.crn","Filename":"alchemist.crn","Value":55,"Bytes":450,"Lines":20,"Code":20,"Comment":0,"Blank":0,"Complexity":0,"Url":"https://github.com/boyter/scc"},"Alloy":{"Name":"","Location":"/tmp/scc-tmp-path-21/battlearena/battleformulas.als","Filename":"battleformulas.als","Value":948,"Bytes":262449,"Lines":6565,"Code":4946,"Comment":0,"Blank":1619,"Complexity":0,"Url":"https://github.com/iyouboushi/mirc-battlearena"},"Android Interface Definition Language":{"Name":"","Location":"/tmp/scc-tmp-path-22/android_base/aidl","Filename":"aidl","Value":3,"Bytes":6924,"Lines":162,"Code":110,"Comment":11,"Blank":41,"Complexity":0,"Url":"https://github.com/zhaojl/demo"},"Assembly":{"Name":"","Location":"/tmp/scc-tmp-path-16/gas/testsuite/gas/tic54x/all-opcodes.s","Filename":"all-opcodes.s","Value":12800,"Bytes":3745941,"Lines":124668,"Code":124322,"Comment":344,"Blank":2,"Complexity":0,"Url":"https://bitbucket.com/bminor/binutils-gdb"},"AutoHotKey":{"Name":"","Location":"/tmp/scc-tmp-path-25/fishlog5.93.ahk","Filename":"fishlog5.93.ahk","Value":2764,"Bytes":315173,"Lines":12865,"Code":11254,"Comment":305,"Blank":1306,"Complexity":0,"Url":"https://github.com/billman87/fishlog"},"Autoconf":{"Name":"","Location":"/tmp/scc-tmp-path-26/cpctelera/tools/sdcc-3.6.8-r9946/src/device/lib/pic16/libio/Makefile.in","Filename":"Makefile.in","Value":23183,"Bytes":11847280,"Lines":98250,"Code":86615,"Comment":25,"Blank":11610,"Complexity":0,"Url":"https://github.com/lronaldo/cpctelera"},"BASH":{"Name":"","Location":"/tmp/scc-tmp-path-30/contrib/pgxc_ctl/pgxc_ctl.bash","Filename":"pgxc_ctl.bash","Value":1426,"Bytes":182863,"Lines":5342,"Code":4243,"Comment":747,"Blank":352,"Complexity":0,"Url":"https://github.com/andrei-mart/postgres-xc"},"Basic":{"Name":"","Location":"/tmp/scc-tmp-path-21/Spectrum Analyzer/MSA_version116_4q.bas","Filename":"MSA_version116_4q.bas","Value":3502,"Bytes":1761753,"Lines":32646,"Code":26900,"Comment":3892,"Blank":1854,"Complexity":0,"Url":"https://github.com/hpux735/spectrum-analyzer"},"Batch":{"Name":"","Location":"/tmp/scc-tmp-path-16/tests/XSLT/testsuite/test.bat","Filename":"test.bat","Value":9424,"Bytes":1231970,"Lines":9428,"Code":9426,"Comment":0,"Blank":2,"Complexity":0,"Url":"https://github.com/alepharchives/arabica"},"Bazel":{"Name":"","Location":"/tmp/scc-tmp-path-23/tests/build_timeout/buildlogs/run1/firebird2.5_2.5.2.26540.ds4-10_amd64-20140427-2159.build","Filename":"firebird2.5_2.5.2.26540.ds4-10_amd64-20140427-2159.build","Value":12149,"Bytes":6692868,"Lines":95840,"Code":92164,"Comment":3366,"Blank":310,"Complexity":0,"Url":"https://github.com/nonas/debian-clang"},"Bitbake":{"Name":"","Location":"/tmp/scc-tmp-path-7/my-2010.bb","Filename":"my-2010.bb","Value":1549,"Bytes":2882777,"Lines":71003,"Code":69253,"Comment":3,"Blank":1747,"Complexity":0,"Url":"https://github.com/rvclayton/bibtex"},"Boo":{"Name":"","Location":"/tmp/scc-tmp-path-20/legacy-doc/compman.tex","Filename":"compman.tex","Value":9280,"Bytes":14837734,"Lines":464463,"Code":464383,"Comment":0,"Blank":80,"Complexity":0,"Url":"https://github.com/nddrylliog/ooc-legacy"},"Bosque":{"Name":"","Location":"/tmp/scc-tmp-path-21/servlet/oracle/product/10.2.0/server/RDBMS/ADMIN/recover.bsq","Filename":"recover.bsq","Value":924,"Bytes":1848928,"Lines":49725,"Code":47773,"Comment":0,"Blank":1952,"Complexity":0,"Url":"https://github.com/umeshsahoo/website_umesh"},"Brainfuck":{"Name":"","Location":"/tmp/scc-tmp-path-11/Brainfuck/Poll.bf","Filename":"Poll.bf","Value":41399,"Bytes":195138,"Lines":41767,"Code":41399,"Comment":0,"Blank":368,"Complexity":0,"Url":"https://bitbucket.com/pholey/poll"},"C":{"Name":"","Location":"/tmp/scc-tmp-path-22/fmFormula.c","Filename":"fmFormula.c","Value":445545,"Bytes":16676862,"Lines":269015,"Code":269012,"Comment":0,"Blank":3,"Complexity":0,"Url":"https://github.com/alexrhein/typechef-linuxanalysis"},"C Header":{"Name":"","Location":"/tmp/scc-tmp-path-6/src/bigmofoheader.h","Filename":"bigmofoheader.h","Value":465589,"Bytes":100000000,"Lines":2756687,"Code":2011155,"Comment":418130,"Blank":327402,"Complexity":0,"Url":"https://github.com/bathtub/c---project-with-ruby-tests"},"C Shell":{"Name":"","Location":"/tmp/scc-tmp-path-24/WRFV3/tools/regtest_hwrf.csh","Filename":"regtest_hwrf.csh","Value":1214,"Bytes":146547,"Lines":3761,"Code":2915,"Comment":427,"Blank":419,"Complexity":0,"Url":"https://bitbucket.com/dargueso/unsw-ccrc-wrf"},"C#":{"Name":"","Location":"/tmp/scc-tmp-path-31/Sources/Accord.Math/Matrix/Matrix.Product.Generated.cs","Filename":"Matrix.Product.Generated.cs","Value":29675,"Bytes":5701632,"Lines":154314,"Code":92827,"Comment":45919,"Blank":15568,"Complexity":0,"Url":"https://github.com/accord-net/framework"},"C++":{"Name":"","Location":"/tmp/scc-tmp-path-0/COLLADASaxFrameworkLoader/src/generated15/COLLADASaxFWLColladaParserAutoGen15PrivateValidation.cpp","Filename":"COLLADASaxFWLColladaParserAutoGen15PrivateValidation.cpp","Value":682001,"Bytes":29703418,"Lines":118123,"Code":94345,"Comment":7023,"Blank":16755,"Complexity":0,"Url":"https://bitbucket.com/zhangjingguo/opencollada"},"C++ Header":{"Name":"","Location":"/tmp/scc-tmp-path-5/CalibCalorimetry/EcalTPGTools/test/TPG_hardcoded.hh","Filename":"TPG_hardcoded.hh","Value":129465,"Bytes":7864320,"Lines":43161,"Code":43161,"Comment":0,"Blank":0,"Complexity":0,"Url":"https://github.com/abdollah110/tauhlt"},"CMake":{"Name":"","Location":"/tmp/scc-tmp-path-19/cmake/tutorial1/src/cmake/modules/MacroOutOfSourceBuild.cmake","Filename":"MacroOutOfSourceBuild.cmake","Value":1069,"Bytes":247833,"Lines":8292,"Code":6212,"Comment":1079,"Blank":1001,"Complexity":0,"Url":"https://github.com/adc90/sandbox"},"COBOL":{"Name":"","Location":"/tmp/scc-tmp-path-4/geekcode.cob","Filename":"geekcode.cob","Value":989,"Bytes":163197,"Lines":4149,"Code":3806,"Comment":32,"Blank":311,"Complexity":0,"Url":"https://github.com/rflejeune/geekcode"},"CSS":{"Name":"","Location":"/tmp/scc-tmp-path-0/elements/three-viewer/vendor/three-viewer.css","Filename":"three-viewer.css","Value":3071,"Bytes":812127,"Lines":36949,"Code":19553,"Comment":2418,"Blank":14978,"Complexity":0,"Url":"https://github.com/kaosat-dev/polymer-threejs"},"Cabal":{"Name":"","Location":"/tmp/scc-tmp-path-17/parconc-examples.cabal","Filename":"parconc-examples.cabal","Value":406,"Bytes":34357,"Lines":1119,"Code":935,"Comment":66,"Blank":118,"Complexity":0,"Url":"https://github.com/simonmar/parconc-examples"},"Ceylon":{"Name":"","Location":"/tmp/scc-tmp-path-0/test/metamodel/runtime.ceylon","Filename":"runtime.ceylon","Value":467,"Bytes":97699,"Lines":2306,"Code":1875,"Comment":129,"Blank":302,"Complexity":0,"Url":"https://github.com/unratito/ceylonlanguage"},"Clojure":{"Name":"","Location":"/tmp/scc-tmp-path-0/raw-data.clj","Filename":"raw-data.clj","Value":29950,"Bytes":76901922,"Lines":694202,"Code":694202,"Comment":0,"Blank":0,"Complexity":0,"Url":"https://github.com/candera/cs-atom"},"ClojureScript":{"Name":"","Location":"/tmp/scc-tmp-path-28/src/main/cljs/cljs/core.cljs","Filename":"core.cljs","Value":271,"Bytes":334184,"Lines":11716,"Code":9927,"Comment":116,"Blank":1673,"Complexity":0,"Url":"https://github.com/clojure/clojurescript"},"Closure Template":{"Name":"","Location":"/tmp/scc-tmp-path-16/blockly-games/genetics/template.soy","Filename":"template.soy","Value":121,"Bytes":24805,"Lines":662,"Code":571,"Comment":69,"Blank":22,"Complexity":0,"Url":"https://github.com/gan/ganhubio"},"CoffeeScript":{"Name":"","Location":"/tmp/scc-tmp-path-16/server/rpc/game/game.coffee","Filename":"game.coffee","Value":2772,"Bytes":481165,"Lines":13281,"Code":10833,"Comment":1814,"Blank":634,"Complexity":0,"Url":"https://github.com/uhyo/jinrou"},"ColdFusion":{"Name":"","Location":"/tmp/scc-tmp-path-10/lucee-cfml/lucee-admin/jquery.js.cfm","Filename":"jquery.js.cfm","Value":920,"Bytes":236267,"Lines":8981,"Code":8207,"Comment":0,"Blank":774,"Complexity":0,"Url":"https://bitbucket.com/busches/lucee"},"ColdFusion CFScript":{"Name":"","Location":"/tmp/scc-tmp-path-1/core/mura/client/api/json/v1/apiUtility.cfc","Filename":"apiUtility.cfc","Value":855,"Bytes":144964,"Lines":4778,"Code":4024,"Comment":112,"Blank":642,"Complexity":0,"Url":"https://github.com/blueriver/muracms"},"Coq":{"Name":"","Location":"/tmp/scc-tmp-path-21/Encounter/NangateOpenCellLibrary/Front_End/Verilog/NangateOpenCellLibrary.v","Filename":"NangateOpenCellLibrary.v","Value":8988,"Bytes":220307,"Lines":5390,"Code":4727,"Comment":0,"Blank":663,"Complexity":0,"Url":"https://github.com/juliankemmerer/drexel-ecec575"},"Crystal":{"Name":"","Location":"/tmp/scc-tmp-path-10/src/compiler/crystal/syntax/lexer.cr","Filename":"lexer.cr","Value":753,"Bytes":66790,"Lines":2436,"Code":2282,"Comment":9,"Blank":145,"Complexity":0,"Url":"https://github.com/mverzilli/crystal"},"Cython":{"Name":"","Location":"/tmp/scc-tmp-path-31/thrift/compiler/test/fixtures/mcpp2-compare/gen-py3/module/types.pyx","Filename":"types.pyx","Value":5278,"Bytes":648922,"Lines":17103,"Code":14405,"Comment":169,"Blank":2529,"Complexity":0,"Url":"https://github.com/facebook/fbthrift"},"D":{"Name":"","Location":"/tmp/scc-tmp-path-10/src/seatd/parser.d","Filename":"parser.d","Value":27249,"Bytes":3139328,"Lines":71239,"Code":70307,"Comment":187,"Blank":745,"Complexity":0,"Url":"https://github.com/cybershadow/seatd"},"Dart":{"Name":"","Location":"/tmp/scc-tmp-path-4/tests/out/DartParser.dart","Filename":"DartParser.dart","Value":9606,"Bytes":1360114,"Lines":41603,"Code":31976,"Comment":2549,"Blank":7078,"Complexity":0,"Url":"https://github.com/financecoding/dartlr"},"Device Tree":{"Name":"","Location":"/tmp/scc-tmp-path-16/testcases/third_party_suite/dt/dt.d/dts","Filename":"dts","Value":22,"Bytes":2258,"Lines":96,"Code":96,"Comment":0,"Blank":0,"Complexity":0,"Url":"https://github.com/wanghao-xznu/vte"},"Dockerfile":{"Name":"","Location":"/tmp/scc-tmp-path-11/gdal/docker/alpine-normal/Dockerfile","Filename":"Dockerfile","Value":243,"Bytes":15629,"Lines":396,"Code":335,"Comment":34,"Blank":27,"Complexity":0,"Url":"https://github.com/osgeo/gdal"},"Elixir":{"Name":"","Location":"/tmp/scc-tmp-path-29/data/pmid.sgd.crawl.ex","Filename":"pmid.sgd.crawl.ex","Value":46479,"Bytes":105880942,"Lines":50068,"Code":49644,"Comment":0,"Blank":424,"Complexity":0,"Url":"https://github.com/teamcohen/querendipity"},"Elm":{"Name":"","Location":"/tmp/scc-tmp-path-17/config/atom/packages/elmjutsu/elm/Indexer.elm","Filename":"Indexer.elm","Value":267,"Bytes":152454,"Lines":4194,"Code":3251,"Comment":171,"Blank":772,"Complexity":0,"Url":"https://github.com/cthree/dotfiles"},"Emacs Dev Env":{"Name":"","Location":"/tmp/scc-tmp-path-16/info/ede","Filename":"ede","Value":211,"Bytes":111957,"Lines":3399,"Code":2369,"Comment":3,"Blank":1027,"Complexity":0,"Url":"https://github.com/timvisher/emacsbak"},"Emacs Lisp":{"Name":"","Location":"/tmp/scc-tmp-path-27/correct/bible.el","Filename":"bible.el","Value":6345,"Bytes":4363379,"Lines":33984,"Code":32638,"Comment":4,"Blank":1342,"Complexity":0,"Url":"https://github.com/bbohrer/emacs"},"Erlang":{"Name":"","Location":"/tmp/scc-tmp-path-6/inl2/lipsum.hrl","Filename":"lipsum.hrl","Value":3228,"Bytes":3290697,"Lines":68121,"Code":52975,"Comment":2,"Blank":15144,"Complexity":0,"Url":"https://github.com/h4xxel/prog2"},"Expect":{"Name":"","Location":"/tmp/scc-tmp-path-2/main/none/tests/s390x/condloadstore.stdout.exp","Filename":"condloadstore.stdout.exp","Value":6144,"Bytes":247424,"Lines":3072,"Code":3072,"Comment":0,"Blank":0,"Complexity":0,"Url":"https://bitbucket.com/chameleonos/android_external_valgrind"},"F#":{"Name":"","Location":"/tmp/scc-tmp-path-2/tests/fsharp/core/libtest/test.fsx","Filename":"test.fsx","Value":1826,"Bytes":322470,"Lines":5625,"Code":4082,"Comment":691,"Blank":852,"Complexity":0,"Url":"https://github.com/jack-pappas/fsharp"},"F*":{"Name":"","Location":"/tmp/scc-tmp-path-9/koat-evaluation/examples/T2/slayer-3.fst","Filename":"slayer-3.fst","Value":13428,"Bytes":820794,"Lines":9667,"Code":9667,"Comment":0,"Blank":0,"Complexity":0,"Url":"https://github.com/mmjb/kittel-koat"},"FIDL":{"Name":"","Location":"/tmp/scc-tmp-path-2/basemodel/src/main/franca/joynr/GlobalCapabilitiesDirectory.fidl","Filename":"GlobalCapabilitiesDirectory.fidl","Value":19,"Bytes":10145,"Lines":315,"Code":269,"Comment":18,"Blank":28,"Complexity":0,"Url":"https://github.com/bmwcarit/joynr"},"FORTRAN Legacy":{"Name":"","Location":"/tmp/scc-tmp-path-9/lm7K/lm67src/lm67.F","Filename":"lm67.F","Value":11837,"Bytes":5657919,"Lines":164301,"Code":81020,"Comment":72178,"Blank":11103,"Complexity":0,"Url":"https://github.com/bakhtatou/ecalj"},"FORTRAN Modern":{"Name":"","Location":"/tmp/scc-tmp-path-5/chease_src/euitm_routines_407c.f90","Filename":"euitm_routines_407c.f90","Value":27161,"Bytes":6407884,"Lines":181089,"Code":143320,"Comment":17746,"Blank":20023,"Complexity":0,"Url":"https://github.com/rfitzp/tomuhawc"},"Fish":{"Name":"","Location":"/tmp/scc-tmp-path-23/config/fish/functions/fisher.fish","Filename":"fisher.fish","Value":217,"Bytes":62612,"Lines":2520,"Code":2132,"Comment":0,"Blank":388,"Complexity":0,"Url":"https://github.com/adampash/dotfiles"},"Flow9":{"Name":"","Location":"/tmp/scc-tmp-path-4/node_modules/graphql-compose/mjs/TypeMapper.js.flow","Filename":"TypeMapper.js.flow","Value":173,"Bytes":35531,"Lines":1142,"Code":997,"Comment":15,"Blank":130,"Complexity":0,"Url":"https://github.com/samst0r/samst0rhubio"},"Forth":{"Name":"","Location":"/tmp/scc-tmp-path-29/project-toolkits/toolkitc/bin/e4","Filename":"e4","Value":690,"Bytes":998469,"Lines":20812,"Code":20806,"Comment":0,"Blank":6,"Complexity":0,"Url":"https://github.com/mdko/cs478"},"Fragment Shader File":{"Name":"","Location":"/tmp/scc-tmp-path-6/flappybird.fsh","Filename":"flappybird.fsh","Value":349,"Bytes":23194,"Lines":653,"Code":511,"Comment":43,"Blank":99,"Complexity":0,"Url":"https://github.com/benraziel/flappybird-shader"},"Freemarker Template":{"Name":"","Location":"/tmp/scc-tmp-path-10/runtime/template/screen-macro/DefaultScreenMacros.html.ftl","Filename":"DefaultScreenMacros.html.ftl","Value":771,"Bytes":120018,"Lines":1711,"Code":1454,"Comment":193,"Blank":64,"Complexity":0,"Url":"https://github.com/jonesde/moqui"},"Futhark":{"Name":"","Location":"/tmp/scc-tmp-path-29/futlib/math.fut","Filename":"math.fut","Value":86,"Bytes":33391,"Lines":990,"Code":732,"Comment":30,"Blank":228,"Complexity":0,"Url":"https://github.com/hiperfit/futhark"},"GDScript":{"Name":"","Location":"/tmp/scc-tmp-path-24/2017/June/Godot Picking Sticks/addons/vnen.tiled_importer/tiled_map.gd","Filename":"tiled_map.gd","Value":195,"Bytes":32321,"Lines":1142,"Code":977,"Comment":33,"Blank":132,"Complexity":0,"Url":"https://github.com/grandmasterhack/1gam"},"GLSL":{"Name":"","Location":"/tmp/scc-tmp-path-0/comp","Filename":"comp","Value":1699,"Bytes":100057,"Lines":2633,"Code":2611,"Comment":0,"Blank":22,"Complexity":0,"Url":"https://github.com/asirjoosingh/renorm_gamess"},"GN":{"Name":"","Location":"/tmp/scc-tmp-path-6/www/chromium/files/patch-third_party__ffmpeg__ffmpeg_generated.gni","Filename":"patch-third_party__ffmpeg__ffmpeg_generated.gni","Value":3742,"Bytes":57159,"Lines":319,"Code":283,"Comment":0,"Blank":36,"Complexity":0,"Url":"https://github.com/reallyenglish/freebsd-ports"},"Game Maker Language":{"Name":"","Location":"/tmp/scc-tmp-path-3/doc/plugins/eu.esdihumboldt.hale.doc.user.examples.meridian2/hydro/hydroEx_River.gml","Filename":"hydroEx_River.gml","Value":982,"Bytes":832425,"Lines":13754,"Code":13754,"Comment":0,"Blank":0,"Complexity":0,"Url":"https://github.com/bkiselka/hale"},"Gherkin Specification":{"Name":"","Location":"/tmp/scc-tmp-path-13/tests/behat/features/api/upload_remixed_program_again_complex.feature","Filename":"upload_remixed_program_again_complex.feature","Value":959,"Bytes":189585,"Lines":2541,"Code":2038,"Comment":326,"Blank":177,"Complexity":0,"Url":"https://github.com/catrobat/catroweb-symfony"},"Go":{"Name":"","Location":"/tmp/scc-tmp-path-19/vendor/github.com/blevesearch/segment/segment_words_prod.go","Filename":"segment_words_prod.go","Value":34715,"Bytes":2690929,"Lines":173643,"Code":170086,"Comment":1968,"Blank":1589,"Complexity":0,"Url":"https://github.com/tsileo/blobstash"},"Go Template":{"Name":"","Location":"/tmp/scc-tmp-path-9/vulkan/libvulkan/code-generator.tmpl","Filename":"code-generator.tmpl","Value":148,"Bytes":36184,"Lines":1187,"Code":831,"Comment":216,"Blank":140,"Complexity":0,"Url":"https://github.com/aicp/frameworks_native"},"Groovy":{"Name":"","Location":"/tmp/scc-tmp-path-18/grails-app/taglib/org/grails/plugins/zkui/ZulTagLib.groovy","Filename":"ZulTagLib.groovy","Value":4714,"Bytes":194652,"Lines":5761,"Code":524,"Comment":5104,"Blank":133,"Complexity":0,"Url":"https://github.com/nagysz/zkui"},"Hamlet":{"Name":"","Location":"/tmp/scc-tmp-path-1/Data/Text/hamlet","Filename":"hamlet","Value":270,"Bytes":193082,"Lines":7067,"Code":5537,"Comment":0,"Blank":1530,"Complexity":0,"Url":"https://github.com/pgarst/javabio"},"Handlebars":{"Name":"","Location":"/tmp/scc-tmp-path-10/src/webapp/templates/templates.handlebars","Filename":"templates.handlebars","Value":557,"Bytes":85742,"Lines":818,"Code":818,"Comment":0,"Blank":0,"Complexity":0,"Url":"https://github.com/sakai-mirror/roster2"},"Haskell":{"Name":"","Location":"/tmp/scc-tmp-path-22/Tags.hs","Filename":"Tags.hs","Value":10444,"Bytes":191588,"Lines":3491,"Code":3489,"Comment":0,"Blank":2,"Complexity":0,"Url":"https://bitbucket.com/plooney/lamdicom"},"Haxe":{"Name":"","Location":"/tmp/scc-tmp-path-12/src-nuggeta/com/nuggeta/temp/k/l/m/T1231.hx","Filename":"T1231.hx","Value":5110,"Bytes":452298,"Lines":19620,"Code":19047,"Comment":0,"Blank":573,"Complexity":0,"Url":"https://github.com/saumya/nuggeta"},"IDL":{"Name":"","Location":"/tmp/scc-tmp-path-14/scripts/bgfx.idl","Filename":"bgfx.idl","Value":187,"Bytes":133838,"Lines":2996,"Code":2689,"Comment":0,"Blank":307,"Complexity":0,"Url":"https://github.com/bkaradzic/bgfx"},"Idris":{"Name":"","Location":"/tmp/scc-tmp-path-23/libs/base/Language/Reflection/Utils.idr","Filename":"Utils.idr","Value":166,"Bytes":16301,"Lines":389,"Code":319,"Comment":15,"Blank":55,"Complexity":0,"Url":"https://github.com/cheepnis/idris-dev"},"Isabelle":{"Name":"","Location":"/tmp/scc-tmp-path-30/thy_lib/isabelle_afp/Collections/gen_algo/StdInst.thy","Filename":"StdInst.thy","Value":2401,"Bytes":739578,"Lines":6056,"Code":5986,"Comment":19,"Blank":51,"Complexity":0,"Url":"https://github.com/shxycwxj/topos"},"JAI":{"Name":"","Location":"/tmp/scc-tmp-path-18/documentation/releases/legal/LICENSE.jai","Filename":"LICENSE.jai","Value":18,"Bytes":10395,"Lines":189,"Code":164,"Comment":0,"Blank":25,"Complexity":0,"Url":"https://github.com/mihxil/mmbase"},"JSX":{"Name":"","Location":"/tmp/scc-tmp-path-6/src/typescript-parser.jsx","Filename":"typescript-parser.jsx","Value":7123,"Bytes":2813478,"Lines":62650,"Code":53683,"Comment":58,"Blank":8909,"Complexity":0,"Url":"https://github.com/shibukawa/typescript-parserjsx"},"Jade":{"Name":"","Location":"/tmp/scc-tmp-path-5/views/printit/pages/docs.jade","Filename":"docs.jade","Value":181,"Bytes":475505,"Lines":9749,"Code":8147,"Comment":0,"Blank":1602,"Complexity":0,"Url":"https://github.com/jaeh/printit"},"Java":{"Name":"","Location":"/tmp/scc-tmp-path-18/concourse-driver-java/src/main/java/com/cinchapi/concourse/thrift/ConcourseService.java","Filename":"ConcourseService.java","Value":139020,"Bytes":34304913,"Lines":818012,"Code":702499,"Comment":36985,"Blank":78528,"Complexity":0,"Url":"https://github.com/cinchapi/concourse"},"JavaScript":{"Name":"","Location":"/tmp/scc-tmp-path-17/compiled/blocks.js","Filename":"blocks.js","Value":582070,"Bytes":70923564,"Lines":2210094,"Code":1582729,"Comment":353369,"Blank":273996,"Complexity":0,"Url":"https://github.com/gmarty/smsstarec"},"JavaServer Pages":{"Name":"","Location":"/tmp/scc-tmp-path-28/styles/sink_jq.jsp","Filename":"sink_jq.jsp","Value":3850,"Bytes":1332568,"Lines":28818,"Code":21675,"Comment":3204,"Blank":3939,"Complexity":0,"Url":"https://github.com/builtlean/builtlean"},"Jinja":{"Name":"","Location":"/tmp/scc-tmp-path-7/templates/php.ini.j2","Filename":"php.ini.j2","Value":307,"Bytes":97066,"Lines":2563,"Code":2211,"Comment":0,"Blank":352,"Complexity":0,"Url":"https://github.com/f500/ansible-php_cli"},"Julia":{"Name":"","Location":"/tmp/scc-tmp-path-16/data/pilot-2013-05-14.jl","Filename":"pilot-2013-05-14.jl","Value":5599,"Bytes":19925036,"Lines":7167,"Code":7167,"Comment":0,"Blank":0,"Complexity":0,"Url":"https://github.com/open-data/ckan-datatools"},"Julius":{"Name":"","Location":"/tmp/scc-tmp-path-13/monaba/templates/default-layout.julius","Filename":"default-layout.julius","Value":436,"Bytes":98984,"Lines":2454,"Code":2174,"Comment":144,"Blank":136,"Complexity":0,"Url":"https://github.com/ahushh/monaba"},"Just":{"Name":"","Location":"/tmp/scc-tmp-path-13/Justfile","Filename":"Justfile","Value":7,"Bytes":745,"Lines":27,"Code":18,"Comment":2,"Blank":7,"Complexity":0,"Url":"https://github.com/opetushallitus/eperusteet"},"Korn Shell":{"Name":"","Location":"/tmp/scc-tmp-path-15/community/lists/devel/attachments/20090108/42143e6f/attachment.ksh","Filename":"attachment.ksh","Value":1773,"Bytes":2380853,"Lines":12330,"Code":12148,"Comment":0,"Blank":182,"Complexity":0,"Url":"https://github.com/ggouaillardet/ompi-www"},"Kotlin":{"Name":"","Location":"/tmp/scc-tmp-path-3/compiler/tests-spec/testData/diagnostics/notLinked/dfa/pos/1.kt","Filename":"1.kt","Value":7388,"Bytes":408977,"Lines":4215,"Code":3472,"Comment":52,"Blank":691,"Complexity":0,"Url":"https://github.com/jetbrains/kotlin"},"LD Script":{"Name":"","Location":"/tmp/scc-tmp-path-0/apps/plugins/plugin.lds","Filename":"plugin.lds","Value":39,"Bytes":9374,"Lines":371,"Code":289,"Comment":31,"Blank":51,"Complexity":0,"Url":"https://github.com/rockbox/rockbox"},"LOLCODE":{"Name":"","Location":"/tmp/scc-tmp-path-20/samples/LOLCODE/LOLTracer.lol","Filename":"LOLTracer.lol","Value":61,"Bytes":32116,"Lines":795,"Code":590,"Comment":139,"Blank":66,"Complexity":0,"Url":"https://bitbucket.com/animeshsinha/linguist-github"},"Lean":{"Name":"","Location":"/tmp/scc-tmp-path-12/library/standard/kernel.lean","Filename":"kernel.lean","Value":161,"Bytes":50486,"Lines":1253,"Code":934,"Comment":60,"Blank":259,"Complexity":0,"Url":"https://github.com/avigad/libraries"},"Lisp":{"Name":"","Location":"/tmp/scc-tmp-path-10/corpora/lin_thesaurus/simN.lsp","Filename":"simN.lsp","Value":4994,"Bytes":156179291,"Lines":7233972,"Code":7233972,"Comment":0,"Blank":0,"Complexity":0,"Url":"https://github.com/ayoub-89/nltk_data"},"Lua":{"Name":"","Location":"/tmp/scc-tmp-path-5/src/blackBoxTest/luaFile1000kLines.lua","Filename":"luaFile1000kLines.lua","Value":102960,"Bytes":19436983,"Lines":602167,"Code":463008,"Comment":61776,"Blank":77383,"Complexity":0,"Url":"https://github.com/ldeniau/mad"},"MQL Header":{"Name":"","Location":"/tmp/scc-tmp-path-4/Include/hanoverfunctions.mqh","Filename":"hanoverfunctions.mqh","Value":1393,"Bytes":112937,"Lines":2615,"Code":1920,"Comment":546,"Blank":149,"Complexity":0,"Url":"https://github.com/ujfjhz/costbalancer"},"MQL4":{"Name":"","Location":"/tmp/scc-tmp-path-26/PhD Appsolute System.mq4","Filename":"PhD Appsolute System.mq4","Value":2738,"Bytes":433413,"Lines":11280,"Code":6193,"Comment":2061,"Blank":3026,"Complexity":0,"Url":"https://github.com/lvcster/java-examples"},"MQL5":{"Name":"","Location":"/tmp/scc-tmp-path-5/MQL5/Experts/Commercial/DTS1-Build_814.1_B-test~.mq5","Filename":"DTS1-Build_814.1_B-test~.mq5","Value":1186,"Bytes":88766,"Lines":2210,"Code":1911,"Comment":189,"Blank":110,"Complexity":0,"Url":"https://github.com/dennislwm/mlea"},"MSBuild":{"Name":"","Location":"/tmp/scc-tmp-path-21/src/native/all.props","Filename":"all.props","Value":2008,"Bytes":1177363,"Lines":17954,"Code":17149,"Comment":0,"Blank":805,"Complexity":0,"Url":"https://github.com/blackoutjack/jamweaver"},"MUMPS":{"Name":"","Location":"/tmp/scc-tmp-path-2/scripts/link.mps","Filename":"link.mps","Value":161,"Bytes":15572,"Lines":673,"Code":567,"Comment":0,"Blank":106,"Complexity":0,"Url":"https://github.com/openzelda/content-package"},"Madlang":{"Name":"","Location":"/tmp/scc-tmp-path-1/Docs/Copying.MAD","Filename":"Copying.MAD","Value":44,"Bytes":17992,"Lines":340,"Code":286,"Comment":0,"Blank":54,"Complexity":0,"Url":"https://github.com/aldomx/stepmania"},"Makefile":{"Name":"","Location":"/tmp/scc-tmp-path-15/jlfs/Makefile","Filename":"Makefile","Value":6642,"Bytes":273024,"Lines":11712,"Code":10855,"Comment":189,"Blank":668,"Complexity":0,"Url":"https://github.com/kharmajbird/jayos"},"Mako":{"Name":"","Location":"/tmp/scc-tmp-path-18/splinext/pokedex/templates/pokedex/search/pokemon.mako","Filename":"pokemon.mako","Value":137,"Bytes":20305,"Lines":556,"Code":462,"Comment":20,"Blank":74,"Complexity":0,"Url":"https://github.com/epithumia/spline-pokedex"},"Meson":{"Name":"","Location":"/tmp/scc-tmp-path-10/meson.build","Filename":"meson.build","Value":248,"Bytes":53005,"Lines":1649,"Code":1484,"Comment":79,"Blank":86,"Complexity":0,"Url":"https://github.com/ixit/mesa-3d"},"Modula3":{"Name":"","Location":"/tmp/scc-tmp-path-8/tests/m3/tpch22.m3","Filename":"tpch22.m3","Value":5182,"Bytes":6470073,"Lines":120185,"Code":119970,"Comment":0,"Blank":215,"Complexity":0,"Url":"https://github.com/damsl/k3-mosaic"},"Module-Definition":{"Name":"","Location":"/tmp/scc-tmp-path-21/src/WindowsPhone/Slovo.UI/Data/wordnet3_0.def","Filename":"wordnet3_0.def","Value":32008,"Bytes":44690432,"Lines":644576,"Code":582983,"Comment":1588,"Blank":60005,"Complexity":0,"Url":"https://github.com/mihania/slovo"},"Monkey C":{"Name":"","Location":"/tmp/scc-tmp-path-16/mesh-1.4/mesh/perl/mc","Filename":"mc","Value":672,"Bytes":303162,"Lines":10002,"Code":4611,"Comment":5044,"Blank":347,"Complexity":0,"Url":"https://github.com/nasahackto/mesh"},"Mustache":{"Name":"","Location":"/tmp/scc-tmp-path-30/public/template.mustache","Filename":"template.mustache","Value":1561,"Bytes":69707,"Lines":750,"Code":676,"Comment":0,"Blank":74,"Complexity":0,"Url":"https://github.com/browniefed/parsetemplateexample"},"Nim":{"Name":"","Location":"/tmp/scc-tmp-path-6/disas.nim","Filename":"disas.nim","Value":1098,"Bytes":877768,"Lines":7364,"Code":2810,"Comment":4547,"Blank":7,"Complexity":0,"Url":"https://github.com/comex/imaon"},"Nix":{"Name":"","Location":"/tmp/scc-tmp-path-1/Splunk_TA_nix/samples/auth.nix","Filename":"auth.nix","Value":1615,"Bytes":500292,"Lines":4366,"Code":4366,"Comment":0,"Blank":0,"Complexity":0,"Url":"https://bitbucket.com/ifenglin/ideploy"},"OCaml":{"Name":"","Location":"/tmp/scc-tmp-path-6/gen/sparcrec.ml","Filename":"sparcrec.ml","Value":6285,"Bytes":1265315,"Lines":18463,"Code":18091,"Comment":0,"Blank":372,"Complexity":0,"Url":"https://github.com/nrnrnr/qc--"},"Objective C":{"Name":"","Location":"/tmp/scc-tmp-path-2/imports/fast/fast-matlab-src-2.1/faster.m","Filename":"faster.m","Value":409792,"Bytes":73895284,"Lines":1913966,"Code":1913932,"Comment":0,"Blank":34,"Complexity":0,"Url":"https://github.com/chinnabommu/computervisionwip"},"Objective C++":{"Name":"","Location":"/tmp/scc-tmp-path-27/set.mm","Filename":"set.mm","Value":6285,"Bytes":34139353,"Lines":588394,"Code":569017,"Comment":194,"Blank":19183,"Complexity":0,"Url":"https://github.com/metamath/setmm"},"Opalang":{"Name":"","Location":"/tmp/scc-tmp-path-8/lib/stdlib/core/unicode.opa","Filename":"unicode.opa","Value":306,"Bytes":7766,"Lines":142,"Code":110,"Comment":28,"Blank":4,"Complexity":0,"Url":"https://github.com/alexkit/opalang"},"Org":{"Name":"","Location":"/tmp/scc-tmp-path-5/collectives/log/2015-02-25_idfreeze-2.org","Filename":"2015-02-25_idfreeze-2.org","Value":63326,"Bytes":17177658,"Lines":174839,"Code":168498,"Comment":0,"Blank":6341,"Complexity":0,"Url":"https://github.com/mquinson/smpi-modeling"},"Oz":{"Name":"","Location":"/tmp/scc-tmp-path-11/share/lib/compiler/StaticAnalysis.oz","Filename":"StaticAnalysis.oz","Value":267,"Bytes":111009,"Lines":4481,"Code":3866,"Comment":249,"Blank":366,"Complexity":0,"Url":"https://github.com/doublec/mozart"},"PHP":{"Name":"","Location":"/tmp/scc-tmp-path-6/fopen.php","Filename":"fopen.php","Value":100000,"Bytes":10670209,"Lines":300013,"Code":200009,"Comment":0,"Blank":100004,"Complexity":0,"Url":"https://github.com/bit3archive/php-benchmark"},"PSL Assertion":{"Name":"","Location":"/tmp/scc-tmp-path-17/sim/psl/pre_dec.psl","Filename":"pre_dec.psl","Value":162,"Bytes":3973,"Lines":33,"Code":28,"Comment":0,"Blank":5,"Complexity":0,"Url":"https://github.com/endyson/sept-13-2011"},"Pascal":{"Name":"","Location":"/tmp/scc-tmp-path-12/PythonVCL/Components/Sources/VCL/D4/Python_StdCtrls.pas","Filename":"Python_StdCtrls.pas","Value":3399,"Bytes":308506,"Lines":7360,"Code":7179,"Comment":0,"Blank":181,"Complexity":0,"Url":"https://github.com/katrid/python4delphi"},"Perl":{"Name":"","Location":"/tmp/scc-tmp-path-5/t2p/r1d7.pl","Filename":"r1d7.pl","Value":41128,"Bytes":3354150,"Lines":123406,"Code":123397,"Comment":4,"Blank":5,"Complexity":0,"Url":"https://github.com/aanavas/srproject"},"Pony":{"Name":"","Location":"/tmp/scc-tmp-path-28/RandomThings/Pony/json/jstypes.pony","Filename":"jstypes.pony","Value":70,"Bytes":11578,"Lines":457,"Code":338,"Comment":24,"Blank":95,"Complexity":0,"Url":"https://github.com/rockneurotiko/rockneurotikohubio"},"Powershell":{"Name":"","Location":"/tmp/scc-tmp-path-12/Modules/WPK/GeneratedControls/PresentationFramework.ps1","Filename":"PresentationFramework.ps1","Value":4108,"Bytes":2083277,"Lines":83789,"Code":56048,"Comment":5091,"Blank":22650,"Complexity":0,"Url":"https://github.com/carneycalcutt/windowspowershell"},"Processing":{"Name":"","Location":"/tmp/scc-tmp-path-30/Final/Final.pde","Filename":"Final.pde","Value":2635,"Bytes":254697,"Lines":13062,"Code":12835,"Comment":177,"Blank":50,"Complexity":0,"Url":"https://github.com/apcs-k/per10-zilbersher-reschke-lasercore"},"Prolog":{"Name":"","Location":"/tmp/scc-tmp-path-1/books/books_save.p","Filename":"books_save.p","Value":10243,"Bytes":49909369,"Lines":2814283,"Code":2814283,"Comment":0,"Blank":0,"Complexity":0,"Url":"https://github.com/nhuntwalker/mystuff"},"Protocol Buffers":{"Name":"","Location":"/tmp/scc-tmp-path-26/configure.proto","Filename":"configure.proto","Value":997,"Bytes":188501,"Lines":5207,"Code":4616,"Comment":0,"Blank":591,"Complexity":0,"Url":"https://github.com/areascout/vice-gles2"},"Puppet":{"Name":"","Location":"/tmp/scc-tmp-path-1/sqlite3.c.pp","Filename":"sqlite3.c.pp","Value":25753,"Bytes":5187987,"Lines":202589,"Code":120153,"Comment":63656,"Blank":18780,"Complexity":0,"Url":"https://github.com/joliebig/crefactor-sqliteevaluation"},"PureScript":{"Name":"","Location":"/tmp/scc-tmp-path-20/test/Test/Data/List.purs","Filename":"List.purs","Value":180,"Bytes":18256,"Lines":415,"Code":307,"Comment":2,"Blank":106,"Complexity":0,"Url":"https://github.com/purescript-contrib/purescript-lists"},"Python":{"Name":"","Location":"/tmp/scc-tmp-path-12/doc/examples/lrparsing-sqlite.py","Filename":"lrparsing-sqlite.py","Value":34700,"Bytes":1907258,"Lines":2849,"Code":2795,"Comment":46,"Blank":8,"Complexity":0,"Url":"https://github.com/wks/lrparsing3"},"Q#":{"Name":"","Location":"/tmp/scc-tmp-path-0/modulos/facturacion/facturacion/scripts/flfacturac.qs","Filename":"flfacturac.qs","Value":1359,"Bytes":339495,"Lines":8542,"Code":7225,"Comment":373,"Blank":944,"Complexity":0,"Url":"https://github.com/mariomop/abanq-ar"},"QCL":{"Name":"","Location":"/tmp/scc-tmp-path-16/Programs/QCLParser/bwt.qcl","Filename":"bwt.qcl","Value":96,"Bytes":8769,"Lines":447,"Code":328,"Comment":21,"Blank":98,"Complexity":0,"Url":"https://bitbucket.com/gltronred/quipper-cabal"},"QML":{"Name":"","Location":"/tmp/scc-tmp-path-18/DOTS/SmartDots-build-simulator/qml/Dots/Dots.qml","Filename":"Dots.qml","Value":1875,"Bytes":441072,"Lines":14927,"Code":12212,"Comment":241,"Blank":2474,"Complexity":0,"Url":"https://github.com/rakesh91/qt_mobile_apps"},"R":{"Name":"","Location":"/tmp/scc-tmp-path-16/pkg/R/Rallfun-v36.R","Filename":"Rallfun-v36.R","Value":11287,"Bytes":2060212,"Lines":73846,"Code":54766,"Comment":16638,"Blank":2442,"Complexity":0,"Url":"https://github.com/nicebread/wrs"},"Rakefile":{"Name":"","Location":"/tmp/scc-tmp-path-22/lib/tasks/import.rake","Filename":"import.rake","Value":652,"Bytes":57362,"Lines":344,"Code":335,"Comment":3,"Blank":6,"Complexity":0,"Url":"https://github.com/structuralartistry/wavelineup3"},"Razor":{"Name":"","Location":"/tmp/scc-tmp-path-3/DEQMYCOAL.web/Views/ePermitCompleteness/Checklist.cshtml","Filename":"Checklist.cshtml","Value":2341,"Bytes":1799050,"Lines":1396,"Code":1395,"Comment":0,"Blank":1,"Complexity":0,"Url":"https://github.com/nathantownsend/protodev"},"Ruby":{"Name":"","Location":"/tmp/scc-tmp-path-23/resources/all_search_helpers.rb","Filename":"all_search_helpers.rb","Value":60375,"Bytes":62911685,"Lines":31102,"Code":31102,"Comment":0,"Blank":0,"Complexity":0,"Url":"https://github.com/calebbarr/tent-of-meeting"},"Ruby HTML":{"Name":"","Location":"/tmp/scc-tmp-path-1/cravecupcakes/trunk/app/views/ownify/sales/ext_report.rhtml","Filename":"ext_report.rhtml","Value":633,"Bytes":85240,"Lines":2534,"Code":1573,"Comment":441,"Blank":520,"Complexity":0,"Url":"https://github.com/mallikarjunrao/hmm_application"},"Rust":{"Name":"","Location":"/tmp/scc-tmp-path-27/src/ffi.rs","Filename":"ffi.rs","Value":1928,"Bytes":3079217,"Lines":56851,"Code":56849,"Comment":1,"Blank":1,"Complexity":0,"Url":"https://github.com/blei/rust-dumb-gtk"},"SAS":{"Name":"","Location":"/tmp/scc-tmp-path-15/import_REDCap.sas","Filename":"import_REDCap.sas","Value":5783,"Bytes":1258608,"Lines":36204,"Code":36176,"Comment":11,"Blank":17,"Complexity":0,"Url":"https://github.com/gracieha/fixit"},"SKILL":{"Name":"","Location":"/tmp/scc-tmp-path-8/verification/out/from_hol2/switch.il","Filename":"switch.il","Value":997,"Bytes":295519,"Lines":9048,"Code":7702,"Comment":0,"Blank":1346,"Complexity":0,"Url":"https://github.com/kth-prosper/main"},"SQL":{"Name":"","Location":"/tmp/scc-tmp-path-25/dump20120515.sql","Filename":"dump20120515.sql","Value":181146,"Bytes":17616638,"Lines":81949,"Code":81933,"Comment":0,"Blank":16,"Complexity":0,"Url":"https://github.com/iklementiev/smscenter"},"SRecode Template":{"Name":"","Location":"/tmp/scc-tmp-path-15/tracks/Al3SEbeK61s.srt","Filename":"Al3SEbeK61s.srt","Value":535,"Bytes":446450,"Lines":27238,"Code":21383,"Comment":0,"Blank":5855,"Complexity":0,"Url":"https://github.com/samdutton/chromesearch"},"SVG":{"Name":"","Location":"/tmp/scc-tmp-path-31/Class Diagram2.svg","Filename":"Class Diagram2.svg","Value":105353,"Bytes":16764607,"Lines":227379,"Code":227379,"Comment":0,"Blank":0,"Complexity":0,"Url":"https://github.com/tarekauel/planspiel"},"Sass":{"Name":"","Location":"/tmp/scc-tmp-path-2/SOURCE/THIRDPARTY/Stackicons/scss/_multi-color-css-stackicons-social.scss","Filename":"_multi-color-css-stackicons-social.scss","Value":2325,"Bytes":255031,"Lines":8820,"Code":7215,"Comment":650,"Blank":955,"Complexity":0,"Url":"https://github.com/aleph3d/wafer"},"Scala":{"Name":"","Location":"/tmp/scc-tmp-path-12/src/SugarCpp.Test/Performance/SpeedTest1MB.sc","Filename":"SpeedTest1MB.sc","Value":4908,"Bytes":998820,"Lines":54030,"Code":41718,"Comment":0,"Blank":12312,"Complexity":0,"Url":"https://github.com/byvoid/sugarcpp"},"Scheme":{"Name":"","Location":"/tmp/scc-tmp-path-4/scripts/test.ss","Filename":"test.ss","Value":50000,"Bytes":11938890,"Lines":1150000,"Code":900000,"Comment":0,"Blank":250000,"Complexity":0,"Url":"https://github.com/shilrobot/shilscript_plus_plus"},"Scons":{"Name":"","Location":"/tmp/scc-tmp-path-0/share/SConstruct","Filename":"SConstruct","Value":522,"Bytes":57601,"Lines":1555,"Code":1076,"Comment":133,"Blank":346,"Complexity":0,"Url":"https://gitlab.com/ineris/amc"},"Shell":{"Name":"","Location":"/tmp/scc-tmp-path-20/zsh/completion/i3_completion.sh","Filename":"i3_completion.sh","Value":8669,"Bytes":295531,"Lines":5875,"Code":3932,"Comment":971,"Blank":972,"Complexity":0,"Url":"https://github.com/existme/myvimconfig"},"Smarty Template":{"Name":"","Location":"/tmp/scc-tmp-path-7/panc/tests/Performance/tests/include/test-include-09.tpl","Filename":"test-include-09.tpl","Value":20000,"Bytes":420033,"Lines":20001,"Code":20001,"Comment":0,"Blank":0,"Complexity":0,"Url":"https://github.com/jouvin/pan"},"Softbridge Basic":{"Name":"","Location":"/tmp/scc-tmp-path-0/gas/asm.sbl","Filename":"asm.sbl","Value":98,"Bytes":53428,"Lines":2002,"Code":1653,"Comment":1,"Blank":348,"Complexity":0,"Url":"https://github.com/hardbol/spitbol"},"Specman e":{"Name":"","Location":"/tmp/scc-tmp-path-26/aligner/data/hansards.e","Filename":"hansards.e","Value":20893,"Bytes":9638562,"Lines":100000,"Code":100000,"Comment":0,"Blank":0,"Complexity":0,"Url":"https://github.com/alopez/en600468"},"Spice Netlist":{"Name":"","Location":"/tmp/scc-tmp-path-7/run/kineticMechanisms/thermodynamics/GRI30.CKT","Filename":"GRI30.CKT","Value":2,"Bytes":17291,"Lines":217,"Code":217,"Comment":0,"Blank":0,"Complexity":0,"Url":"https://github.com/acuoci/edcsmoke"},"Standard ML (SML)":{"Name":"","Location":"/tmp/scc-tmp-path-5/examples/l3-machine-code/arm/model/arm.sml","Filename":"arm.sml","Value":3375,"Bytes":965271,"Lines":25370,"Code":24576,"Comment":19,"Blank":775,"Complexity":0,"Url":"https://github.com/dsheets/hol"},"Stata":{"Name":"","Location":"/tmp/scc-tmp-path-11/Stata/DoFile/Logic/combinations/.31113.do","Filename":".31113.do","Value":48600,"Bytes":5539430,"Lines":60343,"Code":56700,"Comment":1690,"Blank":1953,"Complexity":0,"Url":"https://github.com/funzelknut/migrationsvariable"},"Stylus":{"Name":"","Location":"/tmp/scc-tmp-path-3/client/styles/imports/buttron.styl","Filename":"buttron.styl","Value":866,"Bytes":129151,"Lines":3425,"Code":2035,"Comment":1179,"Blank":211,"Complexity":0,"Url":"https://gitlab.com/artisin/dreamdocs"},"Swift":{"Name":"","Location":"/tmp/scc-tmp-path-3/plugin/Tests/pbTests/Google.Protobuf.UnittestEnormousDescriptor.proto.swift","Filename":"Google.Protobuf.UnittestEnormousDescriptor.proto.swift","Value":13017,"Bytes":6439585,"Lines":60236,"Code":58211,"Comment":7,"Blank":2018,"Complexity":0,"Url":"https://github.com/alexeyxo/protobuf-swift"},"SystemVerilog":{"Name":"","Location":"/tmp/scc-tmp-path-15/safe/hwmcc15/6s131/6s131.sv","Filename":"6s131.sv","Value":24300,"Bytes":1048410,"Lines":29741,"Code":28921,"Comment":0,"Blank":820,"Complexity":0,"Url":"https://github.com/rajdeep87/verilog-c"},"TCL":{"Name":"","Location":"/tmp/scc-tmp-path-16/Logic/68030_TK.tcl","Filename":"68030_TK.tcl","Value":136578,"Bytes":10628429,"Lines":433839,"Code":392945,"Comment":20616,"Blank":20278,"Complexity":0,"Url":"https://github.com/mheinrichs/68030tk"},"TOML":{"Name":"","Location":"/tmp/scc-tmp-path-0/docs/ops/telex_o.toml","Filename":"telex_o.toml","Value":100,"Bytes":24394,"Lines":551,"Code":437,"Comment":2,"Blank":112,"Complexity":0,"Url":"https://github.com/monome/teletype"},"TeX":{"Name":"","Location":"/tmp/scc-tmp-path-4/urbandictionaryprintable/definitions.tex","Filename":"definitions.tex","Value":13342,"Bytes":7970007,"Lines":63374,"Code":53429,"Comment":3,"Blank":9942,"Complexity":0,"Url":"https://bitbucket.com/kommusoft/publications"},"Twig Template":{"Name":"","Location":"/tmp/scc-tmp-path-29/upload/admin/view/template/catalog/product_form.twig","Filename":"product_form.twig","Value":296,"Bytes":191702,"Lines":2919,"Code":2789,"Comment":0,"Blank":130,"Complexity":0,"Url":"https://github.com/babyonline/opencart"},"TypeScript":{"Name":"","Location":"/tmp/scc-tmp-path-2/lib/compiler/parsers/JSONiqParser.ts","Filename":"JSONiqParser.ts","Value":18162,"Bytes":3054968,"Lines":41981,"Code":29103,"Comment":12268,"Blank":610,"Complexity":0,"Url":"UNKNOWN"},"TypeScript Typings":{"Name":"","Location":"/tmp/scc-tmp-path-31/all.d.ts","Filename":"all.d.ts","Value":127785,"Bytes":6852367,"Lines":139562,"Code":80722,"Comment":58840,"Blank":0,"Complexity":0,"Url":"https://github.com/teppeis/closure-librarydts"},"Unreal Script":{"Name":"","Location":"/tmp/scc-tmp-path-9/Classes/ScriptedPawn.uc","Filename":"ScriptedPawn.uc","Value":2909,"Bytes":351155,"Lines":14286,"Code":10407,"Comment":1704,"Blank":2175,"Complexity":0,"Url":"https://github.com/svn2github/deus-ex-plus"},"Ur/Web":{"Name":"","Location":"/tmp/scc-tmp-path-15/ur-en/votes.ur","Filename":"votes.ur","Value":1515,"Bytes":2686276,"Lines":8250,"Code":8250,"Comment":0,"Blank":0,"Complexity":0,"Url":"https://github.com/deepuiitk/indian-parallel-corpora"},"Ur/Web Project":{"Name":"","Location":"/tmp/scc-tmp-path-28/C++(ROS)/ME530646/ur5/jointSpace.urp","Filename":"jointSpace.urp","Value":2,"Bytes":494,"Lines":21,"Code":20,"Comment":1,"Blank":0,"Complexity":0,"Url":"https://bitbucket.com/rkeatin3/code-samples"},"V":{"Name":"","Location":"/tmp/scc-tmp-path-31/gplgpu/gplgpu/hdl/sim_lib/altera_mf.v","Filename":"altera_mf.v","Value":13584,"Bytes":2195852,"Lines":51988,"Code":45903,"Comment":2544,"Blank":3541,"Complexity":0,"Url":"https://github.com/amartya00/verilog"},"VHDL":{"Name":"","Location":"/tmp/scc-tmp-path-30/vhdl/unisims/unisim_VITAL.vhd","Filename":"unisim_VITAL.vhd","Value":9590,"Bytes":7834473,"Lines":194022,"Code":152094,"Comment":22982,"Blank":18946,"Complexity":0,"Url":"https://github.com/arunkumarcea/ahir"},"Vala":{"Name":"","Location":"/tmp/scc-tmp-path-5/codegen/valaccodebasemodule.vala","Filename":"valaccodebasemodule.vala","Value":2100,"Bytes":253548,"Lines":6738,"Code":5352,"Comment":334,"Blank":1052,"Complexity":0,"Url":"https://github.com/gnome/vala"},"Verilog":{"Name":"","Location":"/tmp/scc-tmp-path-20/cpu/control/exec_matrix.vh","Filename":"exec_matrix.vh","Value":793,"Bytes":249829,"Lines":3882,"Code":3766,"Comment":20,"Blank":96,"Complexity":0,"Url":"https://bitbucket.com/gdevic/a-z80"},"Vertex Shader File":{"Name":"","Location":"/tmp/scc-tmp-path-31/base.vsh","Filename":"base.vsh","Value":152,"Bytes":16284,"Lines":417,"Code":274,"Comment":75,"Blank":68,"Complexity":0,"Url":"https://github.com/sharaugn/mc-reloaded-shaders"},"Vim Script":{"Name":"","Location":"/tmp/scc-tmp-path-20/vim/autoload/netrw.vim","Filename":"netrw.vim","Value":1790,"Bytes":548214,"Lines":12480,"Code":11857,"Comment":0,"Blank":623,"Complexity":0,"Url":"https://github.com/anoxic/dotfiles"},"Visual Basic":{"Name":"","Location":"/tmp/scc-tmp-path-23/lgmd2ward/LGMDdataDataSet.Designer.vb","Filename":"LGMDdataDataSet.Designer.vb","Value":1369,"Bytes":14238504,"Lines":215474,"Code":192915,"Comment":2184,"Blank":20375,"Complexity":0,"Url":"https://github.com/mateso/lgmd2ward"},"Visual Basic for Applications":{"Name":"","Location":"/tmp/scc-tmp-path-26/Bt-UAT/src/classes/Coverage.cls","Filename":"Coverage.cls","Value":5029,"Bytes":211743,"Lines":15123,"Code":15120,"Comment":0,"Blank":3,"Complexity":0,"Url":"https://gitlab.com/celnet/celnet"},"Vue":{"Name":"","Location":"/tmp/scc-tmp-path-0/img/Seba Belmar - Software Engineer_files/vue","Filename":"vue","Value":1738,"Bytes":278790,"Lines":10552,"Code":9778,"Comment":45,"Blank":729,"Complexity":0,"Url":"https://github.com/sebabelmar/sebabelmarhubio"},"Wolfram":{"Name":"","Location":"/tmp/scc-tmp-path-17/phy487/qmSolidsPs8dContourPlot.nb","Filename":"qmSolidsPs8dContourPlot.nb","Value":417,"Bytes":4705341,"Lines":77654,"Code":77550,"Comment":67,"Blank":37,"Complexity":0,"Url":"https://github.com/peeterjoot/mathematica"},"Wren":{"Name":"","Location":"/tmp/scc-tmp-path-19/src/module/repl.wren","Filename":"repl.wren","Value":242,"Bytes":25397,"Lines":954,"Code":701,"Comment":118,"Blank":135,"Complexity":0,"Url":"https://github.com/munificent/wren"},"XAML":{"Name":"","Location":"/tmp/scc-tmp-path-17/CopticAgpeya/English/Midnight.xaml","Filename":"Midnight.xaml","Value":179,"Bytes":105183,"Lines":1110,"Code":858,"Comment":6,"Blank":246,"Complexity":0,"Url":"https://github.com/btsmarco/theagpeya"},"Xtend":{"Name":"","Location":"/tmp/scc-tmp-path-20/parser/src/main/java/de/matrixweb/djeypeg/internal/Parser.xtend","Filename":"Parser.xtend","Value":1116,"Bytes":114786,"Lines":3776,"Code":3167,"Comment":159,"Blank":450,"Complexity":0,"Url":"https://github.com/knisterpeter/djeypeg"},"Zig":{"Name":"","Location":"/tmp/scc-tmp-path-21/Games/Tetris-zig/src/main.zig","Filename":"main.zig","Value":115,"Bytes":28351,"Lines":903,"Code":757,"Comment":12,"Blank":134,"Complexity":0,"Url":"https://github.com/aurametrix/aurametrixhubio"},"Zsh":{"Name":"","Location":"/tmp/scc-tmp-path-3/homefile/zshrc","Filename":"zshrc","Value":649,"Bytes":145362,"Lines":4505,"Code":2887,"Comment":1141,"Blank":477,"Complexity":0,"Url":"https://github.com/kino/mydotfile"},"sed":{"Name":"","Location":"/tmp/scc-tmp-path-5/GPL.BP/SED","Filename":"SED","Value":1699,"Bytes":271367,"Lines":9439,"Code":7915,"Comment":0,"Blank":1524,"Complexity":0,"Url":"https://bitbucket.com/foss4mv/scarletdme"}}