{"ABAP":2381,"ASP":43114,"ASP.NET":111431,"ATS":492,"AWK":79870,"ActionScript":93066,"Ada":17253,"Agda":1182,"Alchemist":250,"Alex":34221,"Alloy":27142,"Android Interface Definition Language":33000,"Arvo":5364,"AsciiDoc":9868,"Assembly":165587,"AutoHotKey":5938,"Autoconf":505347,"BASH":95931,"Basic":7751,"Batch":645442,"Bazel":114842,"Bitbake":3645,"Bitbucket Pipeline":418,"Boo":55318,"Bosque":14,"Brainfuck":1794,"BuildStream":9198,"C":791773,"C Header":1259519,"C Shell":14904,"C#":380841,"C++":715269,"C++ Header":199245,"CMake":173482,"COBOL":3946,"CSS":3037754,"CSV":275143,"Cabal":30109,"Cargo Lock":905,"Cassius":213,"Ceylon":1265,"Clojure":67145,"ClojureScript":7018,"Closure Template":6269,"CoffeeScript":435133,"ColdFusion":13441,"ColdFusion CFScript":8614,"Coq":5068,"Creole":8030,"Crystal":1259,"Cython":23858,"D":94400,"Dart":16447,"Device Tree":31918,"Dhall":15,"Docker ignore":5555,"Dockerfile":39664,"Document Type Definition":109710,"Elixir":12716,"Elm":1849,"Emacs Dev Env":937,"Emacs Lisp":105620,"Erlang":49475,"Expect":30249,"Extensible Stylesheet Language Transformations":42664,"F#":24373,"F*":614,"FIDL":14,"FORTRAN Legacy":35889,"FORTRAN Modern":11460,"Fish":18079,"Flow9":839,"Forth":22108,"Fragment Shader File":14572,"Freemarker Template":26456,"Futhark":16,"GDScript":3189,"GLSL":28417,"GN":1342,"Game Maker Language":4557,"Game Maker Project":6,"Gherkin Specification":107187,"Go":99093,"Go Template":111263,"Gradle":126899,"Groovy":75796,"HEX":46442,"HTML":3397596,"Hamlet":1071,"Handlebars":51893,"Happy":105631,"Haskell":58162,"Haxe":12404,"IDL":26079,"Idris":804,"Intel HEX":27504,"Isabelle":296,"JAI":286,"JSON":1903569,"JSONL":146,"JSX":12194,"Jade":105903,"Janet":13,"Java":1319091,"JavaScript":3408921,"JavaServer Pages":142605,"Jenkins Buildfile":2822,"Jinja":12274,"Julia":7070,"Julius":765,"Jupyter":23577,"Just":30,"Korn Shell":5541,"Kotlin":3683,"LD Script":36307,"LESS":281286,"LEX":75335,"LOLCODE":1101,"LaTeX":55093,"Lean":104,"License":2597330,"Lisp":21242,"Lua":98232,"Lucius":627,"Luna":91,"MQL Header":167,"MQL4":271,"MQL5":46,"MSBuild":354212,"MUMPS":940,"Macromedia eXtensible Markup Language":24949,"Madlang":97,"Makefile":1215586,"Mako":10846,"Markdown":6041849,"Meson":617,"Modula3":2376,"Module-Definition":120181,"Monkey C":17753,"Mustache":44633,"Nim":2273,"Nix":4216,"OCaml":20216,"Objective C":503932,"Objective C++":127797,"Opalang":1367,"Org":67703,"Oz":764,"PHP":992617,"PKGBUILD":11398,"PSL Assertion":483,"Pascal":28439,"Patch":169078,"Perl":390775,"Plain Text":3553325,"Polly":6,"Pony":86,"Powershell":80347,"Processing":41277,"Prolog":102792,"Properties File":909631,"Protocol Buffers":45254,"Puppet":67732,"PureScript":370,"Python":1424505,"Q#":695,"QCL":27,"QML":13709,"R":113770,"Rakefile":1006022,"Razor":54102,"ReStructuredText":356922,"Report Definition Language":313,"Robot Framework":1062,"Ruby":1386599,"Ruby HTML":32645,"Rust":19286,"SAS":17031,"SKILL":10048,"SPDX":20,"SQL":413739,"SRecode Template":5019,"SVG":804946,"Sass":535341,"Scala":132454,"Scheme":34982,"Scons":35373,"Shell":1395199,"Smarty Template":106668,"Softbridge Basic":207,"Specman e":12071,"Spice Netlist":100,"Standard ML (SML)":3143,"Stata":8296,"Stylus":54412,"Swift":9679,"Swig":37539,"SystemVerilog":15541,"Systemd":58197,"TCL":33766,"TOML":10444,"TaskPaper":1330,"TeX":84841,"Thrift":15390,"Twig Template":42273,"TypeScript":62556,"TypeScript Typings":16263,"Unreal Script":29113,"Ur/Web":1741,"Ur/Web Project":261,"V":7560,"VHDL":7368,"Vala":4110,"Varnish Configuration":3882,"Verilog":2013,"Verilog Args File":2,"Vertex Shader File":14312,"Vim Script":134156,"Visual Basic":21909,"Visual Basic for Applications":26061,"Vue":1139,"Wolfram":5764,"Wren":33,"XAML":65135,"XCode Config":57173,"XML":2218846,"XML Schema":148511,"Xtend":2791,"YAML":1860523,"Zig":21,"Zsh":55044,"gitignore":5471254,"ignore":11287,"m4":147204,"nuspec":72478,"sed":70454}